lambda,theta
0.40370113,0.68992717
0.47727052,0.62966604
0.73315129,0.3097862
0.67728778,0.46860843
0.33232769,0.89663439
0.5665418,0.42843594
0.59474203,0.64627517
0.42176633,0.91793687
0.46714846,0.62301731
0.42202095,0.69330855
0.47065062,0.61123409
0.50351752,0.50274826
0.44102747,0.667698
0.38131173,0.67359378
0.40119506,0.64176959
0.56639109,0.45889894
0.64158023,0.49361114
0.39270095,0.52479692
0.35630422,0.49713838
1.0181016,0.45480129
1.0783951,0.30070741
0.32095208,0.77096878
0.61266537,0.53992435
0.40839626,0.58294087
0.48166965,0.48900298
0.42833736,0.646332
0.45724274,0.68603324
0.57182255,0.43404105
0.5078226,0.44137832
0.29643988,0.90293044
0.55063861,0.84663303
0.33066218,0.47383016
0.4298397,0.57970577
0.44995136,0.60057975
0.42574141,0.47482806
0.70966695,0.55323014
0.52075251,0.2773866
0.50303252,0.70522065
0.39498703,0.50085952
0.51280563,0.63111543
0.44856821,0.60402255
0.48306741,0.53074516
0.30801576,0.83863784
0.32943555,0.74129944
0.64825523,0.41858437
0.36053028,0.56008392
0.34011137,0.84756496
0.79846733,0.40498399
0.70711084,0.33024942
0.50243282,0.57794973
0.92159038,0.22081938
0.47253339,0.59950384
0.33746263,0.73891176
0.35283501,0.56426907
0.67550652,0.36185474
0.45251032,0.49730455
0.42910883,0.42765904
0.36775177,0.66143222
0.46561958,0.51464426
0.38831484,0.57646066
0.54701506,0.67847208
0.42242388,0.5558901
0.38011117,0.80458841
0.34591178,0.70194309
0.35047078,0.83962391
0.43101132,0.55542499
0.53224578,0.43802828
0.54980494,0.49444286
0.35209226,0.70784655
0.76563497,0.34233018
0.6305361,0.40907579
0.41607207,0.62590331
0.47939983,0.5041176
0.48768106,0.38933293
0.67553293,0.5843155
0.57110936,0.55297244
0.47198652,0.60917618
0.60404835,0.54936126
0.64062182,0.34016389
0.37160572,0.72248459
0.61465523,0.38468399
0.37567626,0.70867245
0.66614315,0.22409297
0.36756087,0.33757934
0.53800842,0.71868857
0.68789999,0.34300496
0.67643981,0.34048457
0.56762684,0.49060306
0.41077768,0.84435226
0.42840445,0.87118817
0.3975147,0.64909016
0.36584587,0.54181186
0.74225171,0.53869126
0.63200325,0.44506251
0.40711712,0.55946657
0.43063625,0.28396618
0.58372995,0.6079366
0.5888986,0.54160209
0.77916662,0.51366617
0.43692794,0.50353295
0.49400852,0.63766289
0.36147765,0.63503216
0.53250549,0.57622528
0.44662288,0.62528495
0.875399,0.33259301
0.41297681,0.85870406
0.491112,0.66985619
0.50601948,0.67058611
0.74219132,0.38104265
0.40284581,0.44134757
0.61149022,0.57498152
0.68461044,0.42373877
0.62192309,0.58544838
0.35858194,0.64309851
0.57889444,0.48612206
0.43106733,0.78184523
0.39437666,0.84717039
0.42066333,0.80038621
0.384025,0.49229811
0.6510943,0.67242957
0.3830945,0.55387512
0.53670073,0.44619373
0.48429559,0.58557435
0.64837929,0.47504988
0.58269289,0.31968306
0.5767547,0.59406489
0.53832504,0.64472213
0.60690407,0.5720729
0.45615249,0.64973055
0.50361451,0.77266845
0.52525196,0.52264802
0.35889247,0.72483569
0.41700311,0.61724345
0.41795489,0.55445726
0.42109542,0.45624482
0.69909762,0.63400981
0.39217204,0.78130851
0.34709441,0.61398593
0.28522041,0.72108338
0.49061292,0.52644544
0.39564275,0.53596293
0.33639031,0.52569231
0.48936401,0.62686368
0.38598224,0.56100819
0.47965075,0.63081354
0.45866475,0.56521578
0.44431514,0.47513045
0.49507676,0.78345014
0.70957131,0.52338559
0.94413273,0.27804635
0.91576015,0.2870197
0.70291984,0.42410708
0.60090191,0.43601793
0.37190634,0.85015359
0.34729027,0.48587411
0.52719299,0.65903802
0.40160571,0.72988067
0.42876303,0.34679613
0.35211442,0.82581372
0.30362816,0.76346658
0.5840717,0.54874724
0.49485161,0.91069385
0.32366465,0.40654564
0.50719065,0.54182725
0.86099793,0.41094979
0.34208507,0.84355441
0.37655465,0.64521987
0.36108419,0.76697276
0.43082096,0.58958927
0.6366414,0.72431318
0.27757298,0.58954994
0.54446848,0.80553216
0.34286842,0.55598654
0.59294801,0.44427525
0.46042694,0.42097079
0.50364924,0.78232024
0.59708353,0.29440563
0.55743403,0.80851893
0.36791323,0.46241053
0.58905542,0.87827189
0.29165011,0.879154
0.27320722,0.86876253
0.31242849,0.84142841
0.43770265,0.8833667
0.3301491,0.52216495
0.36899967,0.86021534
0.45035073,0.91644495
0.53605209,0.86584644
0.43871072,0.56093686
0.49155951,0.75982165
0.97381108,0.34435461
0.25909877,0.7487543
0.57479172,0.61160958
0.43279782,0.43940632
0.46237285,0.65955846
0.3357353,0.70522528
0.42451292,0.63805419
0.33340017,0.67023248
0.31954521,0.43531731
0.48647148,0.98522333
0.45645369,0.96991509
0.35587745,0.90099604
0.66752395,0.45825016
0.36192041,0.74370225
0.45881216,0.67214671
0.23721289,0.7471971
0.5440898,0.80505861
0.38972092,0.95691122
0.49878459,0.51462248
0.6774546,0.6058991
0.69362292,0.51270923
0.42721609,0.49200034
0.67243838,0.63180415
0.3662214,0.44183313
0.51482628,0.39125588
0.39528571,0.67781987
0.43293435,0.59879574
0.33297848,0.65295368
0.43367579,0.49530095
0.43095088,0.55337994
0.67449219,0.37434027
0.31889903,0.71721633
0.58255554,0.8781543
0.52946783,0.24306546
0.42261997,0.58938171
0.54444901,0.55691264
0.48017616,0.6388386
0.29074839,0.56912882
0.48329625,0.60936003
0.45422782,0.6095792
0.46129707,0.74505407
0.55846881,0.410377
0.65585156,0.44178737
0.32024344,0.6690556
0.59465365,0.32010688
0.59672229,0.35509887
0.64844813,0.49458489
0.48814993,0.43496621
0.54944946,0.52106912
0.49485526,0.47958708
0.50155535,0.66718592
0.49857989,0.64650107
0.45394062,0.60031489
0.43504036,0.539706
0.63511666,0.44543379
0.32524853,0.69048705
0.37187404,0.71100129
0.60973062,0.27964764
0.53789438,0.79590202
0.42189855,0.46732882
0.78039015,0.50528114
0.89127427,0.23694
0.7293421,0.52138286
0.33841612,0.6154343
0.51832632,0.45256962
0.38267384,0.53046378
0.26225005,0.74146126
0.51028619,0.31361955
0.40128822,0.69451224
0.62745154,0.71582976
0.3633672,0.60987716
0.37711173,0.49574397
0.87058274,0.29589037
0.58077364,0.47765293
0.21252701,0.88764547
0.30994546,0.93065538
0.27312255,0.84687991
0.30335133,0.75992156
0.49198247,0.40715787
0.34779341,0.80569726
0.32476355,0.74953189
0.36032377,0.59899064
0.45591283,0.64393726
0.36216662,0.67296288
0.46687207,0.49795303
0.5697432,0.66937267
0.38088149,0.5860029
0.54513548,0.38825458
0.6510584,0.36012831
0.71230278,0.30265337
0.70413352,0.35414009
0.49657438,0.77377821
0.50697135,0.61959416
0.40011283,0.72940863
0.38670093,0.5050939
0.43500134,0.81152934
0.35165142,0.6652183
0.65153393,0.36447115
0.49978375,0.46831813
0.39573394,0.63456622
0.35424369,0.64589632
0.41517285,0.57001629
0.38557216,0.76407674
0.3498715,0.73053111
0.51680496,0.43816596
0.4965559,0.60085195
0.51491352,0.65679925
0.51254874,0.77319581
0.45039936,0.58053044
0.43289199,0.62323013
0.46229453,0.66086095
1.1847538,0.3773161
0.4025215,0.4199419
0.33570813,0.80684788
0.28859604,0.83281702
0.52207184,0.29610052
0.52430723,0.58034606
0.39074569,0.60486892
0.43813069,0.68773582
0.26386888,0.80799509
0.67734476,0.36740387
0.73333314,0.40912705
0.63156412,0.39868107
0.64644084,0.50930625
0.28069461,0.7850492
0.3778278,0.87491539
0.31918721,0.75286117
0.36893274,0.67748307
0.43594019,0.53351982
0.4279047,0.77554258
0.49020458,0.69271566
0.46964095,0.66662155
0.43707437,0.88449051
0.48563449,0.47728775
0.36924155,0.57985643
0.53090016,0.77545643
0.45678909,0.84296597
0.52378523,0.63848349
0.52248931,0.4864189
0.43464363,0.6015681
0.42940519,0.72219004
0.49099041,0.47367375
0.39146123,0.51051565
0.50280019,0.6773458
0.68846429,0.70143836
0.46960921,0.31981899
0.75065294,0.70409001
0.3253785,0.47721103
0.62542119,0.83686896
0.53735187,0.79625762
0.59296542,0.80918988
0.29611419,0.81964384
0.67465064,0.4947571
0.50349687,0.25935725
0.37229998,0.71673887
0.44020463,0.33319271
0.71013827,0.70208534
0.60693955,0.5077086
0.64823598,0.44780411
0.75623258,0.56327894
0.33005771,0.70338931
0.54216543,0.377855
0.58910542,0.16626598
0.2634034,0.78476109
0.51062897,0.33500398
0.73911317,0.45654851
0.45719559,0.38807791
0.59319499,0.5516594
0.5749098,0.20409342
0.28019273,0.9237113
0.70020086,0.84142045
0.62154001,0.46019034
0.5571079,0.32243915
0.37533199,0.67938042
0.39333691,0.90139769
0.3534802,0.50448957
0.40996084,0.61144324
0.43813942,0.77856737
0.61888985,0.27851584
0.56174648,0.69140463
0.37018283,0.3843201
0.42899341,0.51718529
0.76962721,0.44702228
0.33690854,0.72040548
0.34053945,0.68468148
0.66176684,0.55601823
0.74172799,0.19043566
0.36823979,0.71084212
0.3979063,0.46716997
0.58868419,0.7614432
0.41867028,0.86936813
0.68694775,0.43061733
0.61800077,0.6084187
0.43398286,0.63869255
0.55834731,0.49154416
0.49427539,0.66729034
0.53885428,0.62370789
0.4072052,0.5642928
0.52541752,0.54901105
0.4161195,0.37156318
0.42134203,0.64380916
0.69974257,0.32573647
0.46516614,0.58933202
0.48061196,0.87620252
0.6008447,0.50114356
0.67978411,0.67180901
0.23276271,0.80000227
0.29646465,0.81884687
0.33505721,0.86571707
0.40210405,0.41642607
0.57362962,0.81772818
0.54137979,0.79054996
0.62254006,0.63720355
0.5685648,0.56786984
0.53716283,0.70198186
0.46461761,0.39326967
0.57958364,0.40345679
0.51352427,0.60339182
0.58774545,0.47018254
0.47560549,0.44758878
0.48103614,0.65384378
0.41193617,0.59298554
0.4028291,0.60645286
0.38068213,0.42919843
0.48739355,0.57624572
0.50490194,0.64236313
0.45300008,0.43278168
0.54333179,0.68262906
0.37734725,0.58455169
0.59297924,0.6969101
0.52281421,0.41738753
0.47464543,0.81363966
0.26394364,0.76476195
0.8274795,0.61038466
0.5779528,0.77881296
0.51668107,0.82045019
0.48842277,0.88480502
0.302759,0.53068
0.83619167,0.42325512
0.39370821,0.63887393
0.41288167,0.42411995
0.28095622,0.70323523
0.57401123,0.36703312
0.46264312,0.67282256
0.56581848,0.30571844
0.35239781,0.81482541
0.43307236,0.38433896
0.50341186,0.65476965
0.50081996,0.36422097
0.67544904,0.77270334
0.68300074,0.5630796
0.41765218,0.47209782
0.54880295,0.64836508
0.56709723,0.72128724
0.53248381,0.61627789
0.35386657,0.55843408
0.34932374,0.43194978
0.52918098,0.51086391
0.55856529,0.60672646
0.28335783,0.90467612
0.70340963,0.28688577
0.26595058,0.69336093
0.45746667,0.68603047
0.43720621,0.35660959
0.4387654,0.68952984
0.61781729,0.48519815
0.61079032,0.22840564
0.54892729,0.81070584
0.54019803,0.90008721
0.45064971,0.81815748
0.42918794,0.81715317
0.60787971,0.59570603
0.41123745,0.7723974
0.37150159,0.63673351
0.45183948,0.39170271
0.71722537,0.31466249
0.34760838,0.55581816
0.465861,0.37724556
0.42915487,0.40768818
0.52098698,0.74092426
0.4378994,0.43014141
0.41006428,0.65549205
0.31408135,0.85598053
0.44225683,0.45091308
0.50828524,0.66063564
0.33084132,0.71992294
0.47149969,0.57509506
0.3154188,0.7783177
0.55475372,0.43070827
0.58045353,0.27990704
0.41636428,0.59593342
0.46748512,0.7239238
0.5247007,0.61133381
0.54867915,0.47603227
0.64149888,0.38766076
0.59852223,0.44299691
0.41421975,0.82265967
0.29923107,0.53642468
0.4695603,0.73120256
0.67960153,0.62800096
0.53992108,0.326775
0.38178928,0.94010251
0.49369647,0.26025605
0.48182133,0.85248589
0.77269145,0.60839233
0.72465826,0.57639194
0.59895203,0.56530535
0.52171017,0.2695054
0.51408297,0.48235303
0.38333279,0.73492562
0.48239805,0.60822942
0.54607346,0.43976519
0.46671404,0.40549078
0.40164363,0.47600824
0.39843465,0.61472702
0.49234125,0.42552064
0.37499964,0.51281822
0.50082493,0.46511776
0.58679983,0.32566012
0.47910186,0.64048918
0.61317707,0.5770537
0.81620846,0.43734627
0.52919432,0.41826855
0.46349158,0.3020887
0.32218404,0.88559478
0.62949932,0.5610373
0.55424471,0.45629472
0.4643776,0.49698525
0.51840166,0.67204351
0.31316332,0.67575781
0.39271411,0.40259594
0.45075311,0.32843895
0.3628694,0.83269356
0.33440194,0.74620972
0.45597849,0.81260132
0.49741445,0.30943451
0.62524969,0.48798072
0.83129356,0.37321403
0.36092072,0.58658424
0.3471298,0.6532721
0.55744364,0.4032938
0.42947631,0.84503939
0.3544544,0.43034644
0.42200198,0.9228456
0.65222801,0.51845468
0.65785928,0.36841761
0.49699175,0.40463529
0.41608067,0.63691623
0.48479032,0.6013458
0.81687043,0.52517399
0.47457423,0.67221247
0.57519681,0.82974719
0.50408177,0.37779853
0.73042969,0.49939628
0.58728893,0.32925125
0.41826521,0.50934042
0.51153338,0.42590686
0.53927295,0.48639208
0.37777366,0.56961839
0.61423938,0.33491071
0.39542516,0.71940671
0.54660878,0.45015102
0.6963101,0.5394349
0.38946471,0.59223063
0.37240312,0.53217845
0.47464154,0.45891845
0.4149853,0.63796926
0.68951255,0.61071074
0.62673506,0.76613248
0.29867349,0.58741388
0.42980615,0.458987
0.58154802,0.34378882
0.3508566,0.33200358
0.40638088,0.54090179
0.45016819,0.53992716
0.6689854,0.39244541
1.3486517,0.45326301
0.27645165,0.65450692
0.74453064,0.35401931
0.73942247,0.3377226
0.61318179,0.49710835
0.3543731,0.62067241
0.60348746,0.45367183
0.69084949,0.47967596
0.39210325,0.77603175
0.94592341,0.29742218
0.42594377,0.48816787
0.48356635,0.63932303
0.33201523,0.59400714
0.586094,0.50733455
0.45031237,0.42627057
0.46976492,0.68155776
0.55003435,0.29893698
1.1428877,0.23975149
0.56573871,0.55639012
0.34401753,0.64896794
0.49943882,0.32700653
0.66709947,0.37477124
0.95799334,0.35893063
0.3554764,0.51458249
0.41969209,0.59553092
0.37414838,0.65628564
0.57965714,0.23393778
0.83235291,0.41940244
0.50578851,0.36433778
0.44023502,0.77221659
0.38888352,0.64055901
0.71423147,0.47851484
0.41979205,0.83831491
0.32186793,0.93734856
0.49542466,0.8700551
0.48842062,0.4618934
0.63980767,0.72684073
0.51962381,0.7348533
0.46321569,0.51740085
0.4929699,0.47040993
0.76678853,0.36593378
0.93528175,0.81689914
0.40828475,0.76236657
0.45801188,0.85656207
0.28928602,0.81940938
0.3012759,0.70415466
0.79023254,0.69677976
0.4423717,0.34644538
0.49837415,0.87449228
0.43023995,0.29528875
0.62512427,0.83370941
0.38699571,0.70629988
0.41291351,0.60776797
0.58612935,0.57059024
0.3082747,0.63792276
0.78596001,0.35560869
0.38042,0.44355129
0.68653487,0.76478057
0.59835505,0.40660302
0.82969831,0.42126281
0.56701902,0.58314239
0.74527499,0.36070417
0.40938554,0.84680088
0.3808996,0.8343039
0.51381029,0.39320546
0.45204607,0.42514504
0.47351447,0.67499519
0.50588415,0.44405954
0.63519656,0.48909376
0.27599059,0.61616887
0.4235614,0.69798237
0.39328922,0.5528284
0.51264601,0.54384014
0.64495003,0.35776127
0.36143275,0.71072273
0.39445568,0.41129855
0.47285192,0.88933721
0.47621335,0.85824641
0.50123577,0.82461033
0.4077666,0.80150537
0.6659706,0.52129178
0.33872049,0.5490694
0.53626523,0.53622688
0.30882535,0.72124887
0.5103374,0.50983443
0.40981784,0.53261683
0.75104448,0.41191234
0.73135671,0.25837742
0.28833425,0.69873615
0.50884787,0.3515723
0.35804412,0.69187891
0.57038484,0.29722376
0.32179935,0.83099584
0.51312705,0.48030732
0.41775145,0.8966098
0.43581011,0.90418761
0.5899618,0.4317174
0.44814201,0.73301822
0.47553049,0.49673801
0.51623844,0.5388262
0.37516366,0.52607485
0.47025172,0.51091334
0.55158129,0.6888064
0.36568435,0.82047424
0.34733877,0.7436588
0.51530267,0.55266771
0.53682938,0.49631634
0.51720744,0.7319736
0.3623634,0.35831652
0.39275378,0.49317391
0.31032508,0.83578411
0.55149234,0.32720324
0.59016487,0.67439039
0.80297323,0.33822724
0.38739684,0.55424686
0.42374502,0.64702706
0.33045193,0.67298283
0.61074331,0.50222965
0.35395257,0.63089872
0.37738038,0.63418799
0.37542282,0.78028997
0.7084957,0.35062956
0.61523502,0.49132068
0.61370146,0.30054335
0.50712508,0.6426955
0.38321021,0.46475245
0.46044116,0.78514056
0.71214076,0.50129638
0.63415714,0.56634057
0.40859667,0.47784254
0.46820319,0.78453928
0.48466733,0.45093293
0.4946231,0.55754824
0.33678489,0.48021594
0.37132329,0.55441558
0.65344841,0.30440149
0.7629219,0.31335356
0.8988135,0.2569415
0.29462721,0.829866
0.58462322,0.38526485
0.47829594,0.64889943
0.54456326,0.39635681
0.56088464,0.69990355
0.45167221,0.71334651
0.39584349,0.56617949
0.41185037,0.60872066
0.41544898,0.73609319
0.62458793,0.35583487
0.32153357,0.5615676
0.49950083,0.4867691
0.42255334,0.56989918
0.46901615,0.4486239
0.43346717,0.46377859
0.48486445,0.47726132
0.5822338,0.55340955
0.46215073,0.7449222
0.36545936,0.44867216
0.47015197,0.88631152
0.36227202,0.52231264
0.53985853,0.79567352
0.32155726,0.710556
0.67738165,0.58826063
0.45662635,0.84608817
0.42434813,0.57389735
0.43178201,0.4734396
0.48427079,0.67251996
0.32648009,0.76806968
0.53580559,0.44484288
0.31760524,0.69326533
0.52402728,0.70919751
0.49230715,0.32067382
0.70939724,0.60043808
0.64797047,0.46427308
0.34162681,0.78795533
0.78726215,0.30120354
0.34270471,0.91177693
0.46196126,0.66539396
0.39078043,0.39214278
0.61898038,0.42814719
0.73178712,0.57682421
0.62014136,0.54665581
0.32769228,0.60913324
0.65824884,0.38027979
1.049262,0.29381371
1.0275352,0.23049751
0.63670384,0.55679003
0.60510438,0.60817014
0.37090174,0.52169418
0.43509118,0.52306848
0.45474345,0.52571889
0.48975146,0.88590405
0.49756023,0.44030241
0.5776419,0.59088881
0.47775663,0.45245137
0.43957846,0.72614662
0.33632103,0.42690751
0.35272413,0.82616515
0.55469152,0.72598042
0.3638187,0.6251759
0.41287943,0.77159401
0.53920946,0.52972495
0.52383181,0.49183137
0.47836236,0.51155724
0.51121535,0.4906097
0.43056241,0.7532382
0.47326405,0.67653451
0.44565819,0.41550986
0.52398034,0.60522987
0.35950347,0.53748604
0.35512862,0.73765686
0.3660087,0.75548425
0.34818961,0.82771294
0.32015013,0.49698773
0.60077882,0.51147398
0.53340288,0.38034935
0.38454927,0.76022049
0.59974619,0.45589241
0.46203743,0.45170038
0.38318425,0.84344596
0.43987607,0.53381471
0.34797821,0.6488161
0.49482073,0.59795465
0.4310538,0.75521606
0.3985402,0.53756555
0.55388322,0.44188045
0.54923993,0.49516807
0.49703195,0.47744356
0.3947786,0.25775756
0.52267149,0.52468964
0.56952802,0.70360376
0.40617727,0.45676066
0.71665281,0.40178471
0.92071142,0.43743196
0.35343733,0.5624764
0.78373324,0.65042156
0.38450757,0.82164003
0.35693706,0.54684896
0.38928735,0.59086835
0.71275619,0.77642293
0.4594237,0.83051768
0.49393673,0.68233063
0.40388826,0.40524915
0.37105789,0.59173057
0.42684617,0.5784639
0.33584964,0.55450249
0.5032063,0.66272212
0.50135563,0.43781146
0.48798567,0.55312611
0.52502868,0.70180918
0.47334978,0.39002879
0.34932126,0.77761892
0.50694095,0.38419084
0.40406143,0.5652557
0.55195952,0.67022191
0.43857735,0.4423883
0.59176815,0.51007112
0.48215449,0.34857314
0.37923337,0.83630404
0.40488135,0.9820448
0.41886195,0.88898757
0.36467814,0.86311214
0.44870851,0.48191137
0.42166948,0.49312452
0.49909134,0.64568562
0.45270867,0.67491888
0.63516981,0.68466739
0.33853113,0.56165937
0.38053106,0.51167666
0.54707854,0.46712237
0.53319433,0.41306185
0.64009252,0.33719687
0.44239483,0.53615562
0.3285708,0.71597926
0.47559553,0.48341663
0.44686629,0.5030278
0.38538034,0.60264488
0.5299636,0.37117243
0.39919639,0.59160508
0.50197163,0.51378409
0.5111327,0.63599928
0.48114525,0.47443186
0.54586865,0.50199471
0.64385291,0.3210809
0.6443179,0.40323125
0.50164093,0.41703447
0.43350793,0.51820505
0.63616683,0.44669295
0.55431117,0.39447449
0.53277311,0.37607238
0.44475554,0.41525188
0.52082717,0.57326632
0.37970137,0.48453822
0.46405714,0.70458019
0.54689046,0.41470349
0.57451838,0.45420487
0.68528017,0.50639283
0.44662502,0.59577455
0.45674571,0.60640796
0.41491908,0.38571811
0.45303629,0.88851148
0.42074895,0.85702384
0.37454764,0.64172818
0.49772543,0.48194075
0.62430256,0.53273419
0.22597277,0.85335034
0.20449236,0.79039061
0.68030333,0.29837214
0.33623895,0.74618609
0.42297461,0.70786688
0.35015929,0.71066924
0.4522522,0.54605922
0.44116297,0.64893391
0.46688403,0.46000271
0.27807395,0.87189106
0.30627186,0.70843757
0.79848645,0.66078062
0.54893387,0.46483348
0.31047508,0.64201003
0.33147693,0.6779132
0.37102995,0.56812163
0.43124835,0.61822727
0.54841558,0.48147219
0.39024483,0.6322333
0.61007808,0.4818606
0.37756648,0.74823304
0.54697575,0.49038386
0.52595347,0.49825383
0.36298892,0.6952035
0.56803735,0.46248713
0.50184643,0.70158423
0.75527136,0.30249637
0.3778314,0.73895182
0.36732458,0.69561355
0.40959954,0.43731914
0.35758585,0.60451941
0.5087039,0.52783578
0.31490282,0.74456394
0.73758384,0.23917847
0.43617928,0.71773994
0.47978983,0.33240425
0.41314263,0.75811418
0.68388459,0.56056804
0.43078969,0.59585794
0.2710194,0.74520918
0.41446047,0.88145208
0.25067919,0.54821043
0.92363956,0.29006897
1.0694022,0.30917126
0.88104618,0.3031528
1.053129,0.30400613
0.51312682,0.5614387
0.35414251,0.64953149
0.72977668,0.56891125
0.45538845,0.44984484
0.62187075,0.71130922
0.45424958,0.40022434
0.57261721,0.49755932
0.38776904,0.72265394
0.3671721,0.4483941
0.4846173,0.37865357
0.39311848,0.48481466
0.46650321,0.80713121
0.39832729,0.64850635
0.41121205,0.54247257
0.43390427,0.49630174
0.40691167,0.62005114
0.37242358,0.69531579
0.44966465,0.28133665
0.55923338,0.63288748
0.60133169,0.52390092
0.35755129,0.29364326
0.71779083,0.39209806
0.21619082,0.90340312
0.37319089,0.57137342
0.48042033,0.84388823
0.52739315,0.3299349
0.3091658,0.80504308
0.24416435,0.77892228
0.50440308,0.77435997
0.77134668,0.45704763
0.58447781,0.29801781
0.3027492,0.9110297
0.48927944,0.43299777
0.57285063,0.46895947
0.39912729,0.81078579
0.34644228,0.54958323
0.39109855,0.59820908
0.60570405,0.4509808
0.41507214,0.55237635
0.43324254,0.60434666
0.43266236,0.6759374
0.60812246,0.4017475
0.4320654,0.68453402
0.45259288,0.31163599
0.57052927,0.39144023
0.33950983,0.77339783
0.5319438,0.42508455
0.32196635,0.85285955
0.32383713,0.91601607
0.44534012,0.83202296
0.3428048,0.81831332
0.43001822,0.85221299
0.44135412,0.71168429
0.37614011,0.57206088
0.35206004,0.52194278
0.31865419,0.36391336
0.41624228,0.43709717
0.70822176,0.72047431
0.33338501,0.7244817
0.56319506,0.74237679
0.46153853,0.6771898
0.53054944,0.67489388
0.42897102,0.64303182
0.34098214,0.61520779
0.52052156,0.64854749
0.53292034,0.63502928
0.42999919,0.61855255
0.62052478,0.50434605
0.46635068,0.51791855
0.51402264,0.65533721
0.33149767,0.56867257
0.29475517,0.46349491
0.31653185,0.79049405
0.24022843,0.76387506
0.38769849,0.41040595
0.64906248,0.50911271
0.64038188,0.5158543
0.55197111,0.56756574
0.40414004,0.39094741
0.37059907,0.91672103
0.53788963,0.2521548
0.50077507,0.42848393
0.52713572,0.41681189
0.63798155,0.32165977
0.3911943,0.62164233
0.54507796,0.46724878
0.7265527,0.34239138
0.32401978,0.77615449
0.37785826,0.6517851
0.37196361,0.70129214
0.48785131,0.56448121
0.4832192,0.46869944
0.52710751,0.69618635
0.30502044,0.62407339
0.53174121,0.53493026
0.32782319,0.3744428
0.58015801,0.51658459
0.32501467,0.64344164
0.64617272,0.38961772
0.55806744,0.40660558
0.38871218,0.4809038
0.58380255,0.72447618
0.33794957,0.75088598
0.40604159,0.75892302
0.60071917,0.32500629
0.50422615,0.54232736
0.3505314,0.49834622
0.84974299,0.40729652
0.40867641,0.55262758
0.60048058,0.57764975
0.67235851,0.38887233
0.43673444,0.61753393
0.38856067,0.67394249
0.79379677,0.37538346
0.29090843,0.56579634
0.77817483,0.7988981
0.41757601,0.83024173
0.38364433,0.40189709
0.42264841,0.71419012
0.33362354,0.51651174
0.39617729,0.67447191
0.39167665,0.45130917
0.70392948,0.5456938
0.49799858,0.48978659
0.45021905,0.54640698
0.54386001,0.4766833
0.31577984,0.53356233
0.39272866,0.59038101
0.75882212,0.17315876
0.31632593,0.95064347
0.41859985,0.95319365
0.35884167,0.88416227
0.54376382,0.86460561
0.43274818,0.58277034
0.39375538,0.52103134
0.38561944,0.46439462
0.58373249,0.79388094
0.46058526,0.51371774
0.47531463,0.46754934
0.35989445,0.8798685
0.36671831,0.86391856
0.46516169,0.31091258
0.60147741,0.71042479
0.37211749,0.48040996
0.19985191,0.8736211
0.46600709,0.70826497
0.49923947,0.59648312
0.35671748,0.704582
0.40933697,0.77839053
0.39084799,0.65910432
0.38668571,0.49703148
0.59810742,0.61844531
0.27051168,0.6183785
0.58580821,0.63914727
0.62849465,0.43331276
0.35470358,0.68774779
0.4380468,0.75862205
0.73548901,0.35005834
0.33229567,0.7054587
0.5706858,0.45897283
0.36072199,0.68433258
0.40026227,0.63610934
0.59505033,0.39340116
0.53639125,0.54542419
0.40589518,0.6929937
0.42418179,0.57874675
0.5512646,0.43768048
0.8210014,0.32338229
0.29257852,0.65916844
0.37912836,0.45081271
0.73823921,0.45757189
0.28484443,0.71231718
0.53056874,0.74273653
0.4615084,0.77975344
0.62689318,0.32769274
0.60423252,0.44476308
0.37761438,0.65110503
0.27867176,0.76310855
0.77747326,0.44669604
0.4723714,0.45565211
0.46411714,0.61235084
0.2973685,0.64533727
0.78384918,0.39756151
0.53169057,0.62231751
0.50266205,0.38164255
0.65102929,0.31033578
0.38380522,0.74971201
0.51309409,0.49268672
0.36192627,0.77032004
0.30293689,0.70698789
0.33412721,0.69783651
0.63774557,0.42027688
0.54898338,0.5623051
0.57358416,0.54626294
0.63909429,0.39494654
0.38554778,0.84833996
0.44089364,0.86606486
0.3432181,0.48764265
0.29455333,0.78638039
0.72285869,0.24024738
0.281013,0.59394022
0.35554087,0.79483696
0.42034324,0.85602565
0.40798931,0.49565746
0.41522124,0.7313738
0.47826952,0.51221784
0.39877206,0.67196071
0.48804586,0.92120475
0.45873561,0.51051505
0.51028726,0.60522313
0.46548776,0.58770837
0.44631532,0.49714287
0.40096589,0.5741902
0.68164901,0.71748044
0.40605784,0.50667759
0.41559776,0.51037578
0.41447049,0.62587319
0.46173842,0.67711891
0.37495104,0.64142935
0.549884,0.66511885
0.44422668,0.57047004
0.53141545,0.72896553
0.50926611,0.752995
0.39906461,0.425663
0.84200036,0.67797493
0.6476817,0.47379351
0.31707755,0.83836744
0.2946036,0.86704621
0.39844498,0.74534186
0.39442769,0.74344
0.57319195,0.36614912
0.58584142,0.46413146
0.52694492,0.46253343
0.44238381,0.76569014
0.47283415,0.59147999
0.42096973,0.46680383
0.50975228,0.55626382
0.50058597,0.78460128
0.37683018,0.42004164
0.4802867,0.66358255
0.27989432,0.73438594
0.36226718,0.60326648
0.50929532,0.55677671
0.59050186,0.40754684
0.69813182,0.35234369
0.68880032,0.26401757
0.32593192,0.65857224
0.42835774,0.8070621
0.47616198,0.28330935
0.40025295,0.80229012
0.42514543,0.40603563
0.92542916,0.35408008
0.43408249,0.83966179
0.42214378,0.92930808
0.34695996,0.92971339
0.45223918,0.96657837
0.46344146,0.78847138
0.57214107,0.56253743
0.58037849,0.53056568
0.91968512,0.3017459
0.55170452,0.46987046
0.39932949,0.65379848
0.43760884,0.62556101
0.46051537,0.42983433
0.41667666,0.4762287
0.41342225,0.48117885
0.35502641,0.4892995
0.4187736,0.54527403
0.25206495,0.64970178
0.33195253,0.83780964
0.44973288,0.6028994
0.40898002,0.59992798
0.41383656,0.50249206
0.55866945,0.7972214
0.48742896,0.6524845
0.61582188,0.18956524
0.4588321,0.62185074
0.29786651,0.76703819
0.26041384,0.59415515
0.89126354,0.84844
0.56944628,0.6485288
0.574122,0.65095085
0.34197864,0.55384924
0.4708083,0.73814275
0.55573136,0.5911794
0.63369293,0.32287162
0.62031395,0.55775484
0.37439101,0.56796815
0.46695096,0.80495997
0.40722846,0.5515849
0.5474923,0.69013742
0.38737808,0.52097958
0.69852783,0.70512751
0.57003519,0.76895775
0.49594478,0.57471055
0.55788415,0.48817857
0.69244282,0.64321729
0.74430034,0.59963564
1.2240021,0.17921889
1.0771254,0.27178211
0.25442212,0.73172756
0.93734089,0.19355877
0.56362616,0.52334567
0.28647517,0.78912923
0.4073972,0.78843962
0.50871933,0.44961461
0.84628181,0.23013255
0.22885379,0.68060253
0.53115453,0.90477553
0.25520795,0.71073617
0.30003834,0.85421308
0.5745302,0.81436553
0.36953956,0.68008875
0.35055769,0.65883944
0.55010945,0.54252666
0.55822876,0.62619013
0.50736747,0.57569489
0.50354754,0.7311274
0.35865735,0.55590397
0.42563901,0.50657455
0.44974672,0.65726259
0.394879,0.77605371
0.48624156,0.76780182
0.34579623,0.47505306
0.56946941,0.49940311
0.45781825,0.41116633
0.38610035,0.6010122
0.34556824,0.46951699
0.29298098,0.82841624
0.27855529,0.69384691
0.5264606,0.58158369
0.35604627,0.56342052
0.62551425,0.52352234
0.26574383,0.71493137
0.80404623,0.32756767
0.84683738,0.27755314
0.38812106,0.49913468
0.39778715,0.54222891
0.41990331,0.75339003
0.6017459,0.43142041
0.41328635,0.74468075
0.65730041,0.36961203
0.33141767,0.73711967
0.52158554,0.62382687
0.61586528,0.31117783
0.67511846,0.33756372
0.79562487,0.56588474
0.67409819,0.38400198
0.68428248,0.41271599
0.5132073,0.44157154
0.33645543,0.84366709
0.57491332,0.19072503
0.58427471,0.72633009
0.50010953,0.56849647
0.43446562,0.44350768
0.39899522,0.73205194
0.5377842,0.3062335
0.45904418,0.8010926
0.35832145,0.53383805
0.58758892,0.58064957
0.52179214,0.43975374
0.58605215,0.46520648
0.99739813,0.25920572
0.84628503,0.24714201
0.67817326,0.43036968
0.39573934,0.63633279
0.47982164,0.33780754
0.56402785,0.5909768
0.4381972,0.43978431
0.38733241,0.7274808
0.47231854,0.65193842
0.56686712,0.27980264
0.28176494,0.64461184
0.49520125,0.69077698
0.47894022,0.23293888
0.67833593,0.59826533
0.4651674,0.36779007
0.56439632,0.32997589
0.41114259,0.46913631
0.45232351,0.53754777
0.49341397,0.53910318
0.39200684,0.54017316
0.36189652,0.60808476
0.47960079,0.6403179
0.69141145,0.32036863
0.79759632,0.42862892
0.6477742,0.33354479
0.53125464,0.56870951
0.46660224,0.42135849
0.4666508,0.39223306
0.38469443,0.7553935
0.42743885,0.55612863
0.46867217,0.68661759
0.42458224,0.34389682
0.50630987,0.75666588
0.41505058,0.46134091
0.84427059,0.48459494
0.34093976,0.68569456
0.33389542,0.66450281
0.55615662,0.50539823
0.88707497,0.65177663
0.4633977,0.48556267
0.43831214,0.595689
0.42862564,0.60603232
0.59601256,0.72872452
0.32568226,0.53751872
0.45888086,0.86971468
0.51433781,0.328489
1.0704303,0.35486226
0.63740231,0.28667631
0.69193339,0.58723585
0.41266716,0.51378729
0.53918764,0.80052832
0.70340293,0.75917462
0.44480936,0.40182107
0.54261745,0.56687938
0.26985,0.70827421
0.73861461,0.35674751
0.53183784,0.54127299
0.5372122,0.34411149
0.8122447,0.2738048
1.0545533,0.2676087
0.52744475,0.64156335
0.40609772,0.46944114
0.37054985,0.65395265
0.46472127,0.65832702
0.54222591,0.42144157
0.37798825,0.68618014
0.39490808,0.61283263
0.33809918,0.81021811
0.56896317,0.83502427
0.29378036,0.41103496
0.72320511,0.65008936
0.52458997,0.59064566
0.35906183,0.60352362
0.49024317,0.65432491
0.41840521,0.60210843
0.50887772,0.45555563
0.38478285,0.64590994
0.49896652,0.52652994
0.48410098,0.81189855
0.40790637,0.89310972
0.34181837,0.61929035
0.65875337,0.49023554
0.37017026,0.55675975
0.46504656,0.53536769
0.31487734,0.85247074
0.51028149,0.58008578
0.53089905,0.50693826
0.40789421,0.45783176
0.60190101,0.4698574
0.6211424,0.39442272
0.36521181,0.78953469
0.42441697,0.38899871
0.62596072,0.47366788
0.49943736,0.32438611
0.69888998,0.29925846
0.665482,0.22648525
0.3258637,0.69268914
0.38998033,0.81527511
0.37105587,0.46375826
0.52461672,0.51522316
0.35459254,0.51423387
0.48443964,0.52477133
0.77562141,0.24123201
0.57864866,0.5915674
0.50456288,0.75657999
0.50036477,0.49423376
0.38909315,0.73584069
0.43566324,0.40996488
0.42466954,0.55878041
0.41381361,0.4647892
0.45059475,0.7834683
0.34831475,0.41797955
0.39732713,0.58034752
0.66200235,0.49103774
0.40104805,0.56079533
0.32757601,0.63958505
0.40592663,0.48164871
0.40265383,0.68817303
0.7001689,0.41153883
0.34516736,0.77518458
0.37194958,0.8079729
0.31611657,0.6082733
0.53887583,0.84357506
0.28792075,0.68349541
0.31569288,0.59360449
0.31970877,0.60003492
0.44416055,0.5094432
0.56047361,0.50539173
0.64342182,0.32733893
0.31111184,0.58212109
0.32087248,0.53627715
0.5202675,0.46480355
0.52259497,0.46441014
0.32062653,0.36603838
0.56837851,0.74349429
0.37693892,0.7311176
0.3063149,0.86502741
0.88341461,0.3243529
0.38233788,0.64598181
0.56791743,0.33100477
0.43269407,0.76565595
0.32293617,0.91396187
1.2143788,0.39542143
0.4653084,0.41182554
0.4356169,0.92113832
0.48973227,0.53500092
0.72469629,0.33272293
0.24500867,0.94089882
0.38196685,0.93022271
0.42981068,0.70810187
0.39408717,0.47957527
0.39060096,0.45929351
0.44743197,0.94746893
0.49246373,0.41489616
0.34320382,0.48953641
0.54558359,0.47076877
0.60936962,0.36522635
0.63197564,0.38042177
0.51110961,0.4544815
0.45478591,0.66591592
0.3178196,0.77457408
0.32727698,0.79079006
0.5221936,0.43324935
0.41233559,0.49339337
0.49599351,0.72023833
0.67707681,0.64563047
0.5595819,0.37552603
0.7440543,0.44086009
0.38252824,0.71750795
0.40618605,0.6721888
0.52940441,0.63506062
0.39983601,0.62487704
0.50875784,0.42825527
0.50015582,0.42448979
0.35750005,0.69581409
0.27646431,0.76643976
0.48287102,0.34287121
0.64389423,0.50193602
0.26706096,0.8200682
0.59693035,0.88690984
0.44570145,0.34139928
0.82491686,0.63372268
0.59455741,0.51337815
0.32287341,0.69570563
0.45350794,0.50530816
0.36123124,0.52947451
0.39260341,0.56900251
0.47879139,0.69719016
0.42508391,0.31733778
0.56719451,0.60474706
0.60624319,0.27207592
0.52624148,0.40601232
0.59132247,0.36096742
0.37617233,0.44800521
0.4776603,0.49305621
0.37181328,0.41980679
0.51664465,0.50538467
0.3168097,0.53794082
0.59763097,0.32707526
0.37750234,0.71443886
0.41503266,0.56985422
0.61502406,0.53543776
0.44886835,0.48393286
0.48272128,0.56288648
0.52253494,0.51476212
0.55987323,0.48114779
0.4504781,0.78766143
0.75785305,0.57041702
0.36296458,0.65290045
0.54831202,0.67888324
0.50528563,0.78686162
0.53572646,0.4991064
0.43731381,0.70267839
0.51983913,0.63598694
0.53944276,0.88692057
0.59583094,0.38041662
0.37378241,0.56825967
0.51301071,0.54617326
0.40189159,0.64842262
0.52680637,0.41629309
0.386012,0.56401189
0.32855763,0.66986668
0.52911232,0.47247326
0.41731372,0.59821904
0.57955649,0.53311444
0.74342307,0.39919269
0.28204664,0.6330549
0.4290132,0.74152381
0.50232752,0.91027601
0.35128309,0.73966148
0.50424817,0.29354194
0.35925268,0.47954879
0.49038884,0.41771477
0.45438148,0.64260391
0.44936495,0.4403958
0.37142354,0.71670636
0.33371875,0.53645623
0.53910148,0.73073394
0.50570878,0.29584505
0.67919024,0.45488378
0.35291798,0.49145595
0.88032478,0.33263152
1.0227876,0.27631756
0.96584707,0.19915494
0.27260732,0.76637414
0.52015207,0.66557875
0.47696694,0.5868963
0.54973652,0.3630867
0.35880598,0.75323108
0.63140278,0.46868646
0.46273616,0.36873299
0.47661729,0.71464812
0.46038286,0.37172873
0.44881694,0.63171316
0.44037278,0.57755212
0.39690937,0.72317252
0.60220431,0.82391146
0.53782969,0.37824725
0.84489544,0.8230625
0.56320021,0.38476474
0.54987854,0.38489931
0.40421025,0.63566811
0.34233673,0.75913876
0.40270824,0.89200394
0.29823026,0.51324582
0.64506163,0.49068376
0.3253801,0.74039
0.46979134,0.64063831
0.41798731,0.49457066
0.82082021,0.36544279
0.62563469,0.37509458
0.57375619,0.61154248
0.28141926,0.64801778
0.60479584,0.37507255
0.40545537,0.49683112
0.43709146,0.87771778
0.30411362,0.80243182
0.48625609,0.82507752
0.41709414,0.4355065
0.49069382,0.43631339
0.321278,0.84997425
0.4457019,0.89182961
0.44252783,0.92246091
0.38214763,0.50133231
0.38349282,0.51351031
0.46379585,0.43118746
0.43745292,0.31482726
0.46934103,0.77989707
0.40684059,0.34164912
0.51576955,0.44827753
0.35634315,0.60108228
0.45286084,0.48939706
0.4823326,0.34217252
0.54203758,0.49613313
0.57217868,0.50880848
0.69998066,0.58653588
0.43054111,0.58021644
0.62362465,0.52181904
0.4043494,0.69113931
0.72465906,0.29543735
0.42806832,0.55356376
0.55881747,0.46811448
0.42235922,0.53581386
0.42123893,0.67338637
0.40733803,0.55946579
0.48778269,0.59759788
0.72524253,0.32154109
0.34703864,0.65803417
0.46680871,0.81796131
0.35209129,0.54854927
0.48687349,0.42066596
0.62644696,0.51931844
0.34119523,0.65555423
0.43513341,0.42930624
0.52108898,0.43737688
0.3214537,0.73051423
0.42775319,0.59303404
0.43008612,0.69146227
0.66810532,0.3066529
0.70822748,0.53481618
0.60270037,0.34859339
0.33951997,0.60781396
0.44064175,0.65986216
0.62840228,0.35236786
0.76851598,0.36180138
0.42906229,0.81192881
0.59942883,0.35671105
0.36710931,0.89874244
0.45907397,0.78520931
0.27637702,0.68742069
0.63082071,0.26302414
0.2704721,0.77640585
0.52240432,0.52389691
0.4258557,0.76589791
0.35321105,0.66387716
0.44026583,0.55166219
0.53156778,0.60279603
0.43115922,0.7056254
0.60047723,0.330532
1.4135188,0.33961115
0.49999646,0.646072
0.74628494,0.32403512
0.55822512,0.57047849
0.46132802,0.5509143
0.50669794,0.53731661
0.5626311,0.5830815
0.76018551,0.24576233
0.45567857,0.57061618
0.57855892,0.3607519
0.43490443,0.78831671
0.52820725,0.96619853
0.58842062,0.67259275
0.42391395,0.56022428
0.40146007,0.52532306
0.54313873,0.63505516
0.50996879,0.75180505
0.48673176,0.50753364
0.44652428,0.56542019
0.45026301,0.46819866
0.43552259,0.34345429
0.54224131,0.53270351
0.31414074,0.49861564
0.67494192,0.42930155
0.28993916,0.78192921
0.62685105,0.23174532
0.30911912,0.80984681
0.39256112,0.70957708
0.57910219,0.32708571
0.50832409,0.80542654
0.56168397,0.84579353
0.51210657,0.27415862
0.55348544,0.87599759
0.38261627,0.47589011
0.5135341,0.42710809
0.4030641,0.69644575
0.31615965,0.71286289
0.3377617,0.599474
0.32328125,0.63800105
0.81834307,0.566037
0.54723406,0.60481525
0.56451107,0.48070869
0.45043001,0.76392105
0.49340524,0.44243982
0.39172962,0.65808153
0.50340747,0.60044204
0.75140578,0.22819799
0.49070006,0.75380494
0.58620084,0.33164921
0.59813617,0.62711532
0.41176632,0.68323932
0.35095545,0.51006109
0.31533675,0.80717773
0.26798533,0.61722251
0.25078376,0.69351817
0.39536184,0.36723637
0.32309332,0.68563072
0.35668474,0.6602652
0.74068368,0.32221586
0.66011342,0.41199479
0.41607159,0.59182065
0.53532938,0.75904239
0.48975069,0.41792719
0.44368404,0.73039454
0.5544762,0.93023733
0.31557531,0.84599546
0.63440932,0.9569668
0.3699939,0.40419828
0.58197132,0.73250804
0.60022785,0.60858545
0.54222013,0.6292881
0.35313118,0.48788439
0.38374622,0.7569111
0.29492835,0.63526999
0.37695702,0.59730096
0.50968063,0.60900672
0.49325132,0.72176652
0.557901,0.73568427
0.55519507,0.49038048
0.43659433,0.66098826
0.50752119,0.67903192
0.31134693,0.83307345
0.83385919,0.35090047
0.56130282,0.55842717
0.60723643,0.52414608
0.46002893,0.41579053
0.52897518,0.85795121
0.63890576,0.82208964
0.68242334,0.80246085
0.65852754,0.82103426
0.67700619,0.5852657
0.55009542,0.404864
0.79967568,0.32258244
0.88526012,0.3810521
0.41179175,0.40125574
0.58230306,0.42531005
0.81889802,0.19595776
0.41254859,0.63499255
0.41262532,0.82050814
0.39110416,0.77152631
0.30159001,0.60573166
0.58840711,0.70935798
0.23088346,0.71392972
0.54514436,0.86466703
0.46746801,0.43007414
0.54196304,0.42303798
0.50717305,0.783076
0.42669714,0.81658946
0.33614857,0.77920501
0.55155323,0.48818597
0.61410044,0.31397736
0.7397842,0.66074526
0.52032962,0.43091749
0.39624055,0.83832593
0.50716989,0.62678379
0.39113737,0.47141869
0.43969238,0.7409275
0.32810171,0.72207154
0.33257914,0.95458622
0.36081191,0.93032787
0.31299724,0.77429325
0.53945091,0.4433469
0.83167746,0.45691264
0.25808064,0.54462823
0.87374199,0.37559497
0.54752573,0.48870899
0.78897832,0.20323669
0.63656132,0.30846586
0.33141065,0.6545543
0.26040804,0.60123429
0.70646338,0.75951807
0.43414565,0.43203163
0.47526181,0.45103354
0.46180321,0.56551311
0.36090427,0.84473345
0.36310179,0.84355767
0.49430209,0.54265061
0.42197505,0.72446782
0.37718556,0.74761858
0.46718033,0.90316335
0.29782268,0.40228171
0.69294003,0.75119303
0.44524157,0.32684566
0.49962882,0.90766338
0.50900083,0.46288257
0.48883055,0.44676381
0.53610829,0.73280442
0.30401067,0.47634202
0.45460504,0.71676928
0.55984275,0.44759413
0.44391482,0.65374466
0.4141601,0.32241365
0.53638221,0.37729065
0.45197928,0.71308488
0.42251654,0.55440611
0.44971698,0.82665308
0.3889812,0.91653301
0.38077761,0.32217718
0.50349639,0.48835187
0.45055993,0.45049861
0.503895,0.39369703
0.38195979,0.78683162
0.28624718,0.83593292
0.37008825,0.61507591
0.41820231,0.56848282
0.48601901,0.54317636
0.40809241,0.49401076
0.56691556,0.58501603
0.45287166,0.74505096
0.40276915,0.69463404
0.58552092,0.72036657
0.57927503,0.45119734
0.66425479,0.52405238
0.38707153,0.61498953
0.49490078,0.73068662
0.53065192,0.5690389
0.5966776,0.42989407
0.32237199,0.70128571
0.49120202,0.73465017
0.40327748,0.54286552
0.56749986,0.54264308
0.48511161,0.46545804
0.56824816,0.62648316
0.42584494,0.39147584
0.40882111,0.44330477
0.53767391,0.50869227
0.42511828,0.72551495
0.45291223,0.51893986
0.47541837,0.73117339
0.50926098,0.52892536
0.55558647,0.41480671
0.40196609,0.70899716
0.46948803,0.80131379
0.44174903,0.77732021
0.45215599,0.2997791
0.35085567,0.92378061
0.37396329,0.85905382
0.48041999,0.27424016
0.55262865,0.79960186
0.29531984,0.5443794
0.48514336,0.80580912
0.42838299,0.87928297
0.37288622,0.349215
0.30966029,0.5910089
0.84696073,0.7092043
0.50537461,0.31874121
0.72318815,0.50685361
0.83299167,0.32605292
0.23672762,0.44114853
0.63273851,0.70089427
0.35784096,0.4965414
0.48282103,0.65756169
0.42863229,0.27271628
0.39024136,0.82061548
0.3229402,0.66128564
0.35479485,0.68329948
0.40253011,0.67378148
0.37623595,0.84378218
0.38975447,0.83509205
0.41271067,0.75715747
0.46044958,0.60585703
0.48007038,0.42720732
0.52847287,0.47910826
0.73178561,0.41764639
0.41227505,0.47440577
0.44357162,0.53232279
0.45504034,0.72334763
0.36906629,0.49435166
0.49400668,0.4317353
0.51591303,0.48697374
0.41211045,0.57364056
0.72936321,0.34256985
0.37627638,0.59485968
0.30710326,0.61405627
0.38527894,0.53389534
0.51205125,0.42239318
0.75817411,0.35942683
0.45366724,0.53523455
0.47713062,0.57968983
0.56104607,0.50250306
0.43299155,0.37707069
0.50236724,0.79212802
0.446478,0.43949064
0.59159239,0.39528518
0.26939809,0.68781061
1.1266601,0.39787889
1.0382363,0.35424707
0.27101996,0.71025682
0.42878436,0.58407962
0.58035145,0.42007485
0.34199473,0.63294809
0.401917,0.74155124
0.75830322,0.34331994
0.76925908,0.3241487
0.81365578,0.31557387
0.53925488,0.3560759
1.3407969,0.29332473
0.78837382,0.51144489
0.42444464,0.4539106
0.52576326,0.55580766
0.51856223,0.42483814
0.70638421,0.53411528
0.37657165,0.84472664
0.6138087,0.44476555
0.685396,0.3075396
0.44773825,0.381543
0.95213717,0.42474451
0.27314436,0.9261909
0.45746446,0.42453554
0.50260512,0.68483638
0.60693976,0.70303654
0.44687426,0.74473133
0.43122555,0.67935382
0.63205338,0.47570408
0.35222442,0.86434532
0.32287805,0.56973018
0.68141992,0.45071159
0.32510654,0.58852013
0.72002735,0.5629628
0.56823298,0.61806855
0.44752219,0.38504922
0.40198154,0.75530067
0.66056398,0.48910623
0.28185519,0.74298571
0.30218771,0.81629133
0.51466907,0.3481329
0.42602453,0.74185577
0.25118747,0.84854928
0.73867155,0.28156003
0.22939079,0.59913433
0.79425403,0.5810677
0.32145937,0.38800337
0.53722128,0.69737589
0.52339106,0.61966177
0.43717502,0.70130709
0.51961563,0.43923906
0.64427574,0.40086246
0.330249,0.46568861
0.71034399,0.53782814
0.26962993,0.51859956
0.53396776,0.71126621
0.28567906,0.6697042
0.53005903,0.7681392
0.31818383,0.68692984
0.36838441,0.74456823
0.35974498,0.57054788
0.40075955,0.57378043
0.55764485,0.41436244
0.50010738,0.52626022
0.34546519,0.78548378
0.55064305,0.35063217
0.66466758,0.37543517
0.33955816,0.80800722
0.54325328,0.49407123
0.43543237,0.53854821
0.56996663,0.44805663
0.63160601,0.38455387
0.39998197,0.79965318
0.35027737,0.83065278
0.36570875,0.71197848
0.35267359,0.67058108
0.44383845,0.50262862
0.26655321,0.66185432
0.37679735,0.67685235
0.46575446,0.38421406
0.37724481,0.58470852
0.60992114,0.59084658
0.60325389,0.61291699
0.70571647,0.23624095
0.33757414,0.64202563
0.35543839,0.70807023
0.74493634,0.49315911
0.80967568,0.55985072
0.31869824,0.72601137
0.56997654,0.68335367
0.35641762,0.81774844
0.47878038,0.72730673
0.475655,0.42411475
0.40433683,0.47705447
0.58492579,0.506211
0.56730864,0.51790057
0.56016406,0.53801304
0.55880155,0.67533503
0.36012021,0.43597135
0.66615125,0.3561946
0.50960039,0.51758919
0.49908364,0.47107896
0.50591146,0.71896572
0.30983281,0.82596758
0.74075446,0.23347364
0.39451777,0.6110605
0.60030084,0.34705498
0.508821,0.59058802
0.42098965,0.38042195
0.45407446,0.71188578
0.35065675,0.52429495
0.43411089,0.37081781
0.46371654,0.79269443
0.51670646,0.8345304
0.44366585,0.36505441
0.39230927,0.37210445
0.62007547,0.80779696
0.36868303,0.40126957
0.46341389,0.77193953
0.54258282,0.39009731
0.74018781,0.38219424
0.57893349,0.35335962
0.30422265,0.89551736
0.63429862,0.30163326
0.33049131,0.70152608
0.6174463,0.47006704
0.36538335,0.64033531
0.43237716,0.5149539
0.84214468,0.29801918
0.69171656,0.54561833
0.35251551,0.61546472
0.49926311,0.63450025
0.37343928,0.58930894
0.74906524,0.41470625
0.36660507,0.61614407
0.29006288,0.66130679
0.57854269,0.43339545
0.43359412,0.6116546
0.35584194,0.64948745
0.33793008,0.55565273
0.31505408,0.81121313
0.54304908,0.74868886
0.48063358,0.66106521
0.31481015,0.79109439
0.3586498,0.81878861
0.40205592,0.91444023
0.40346293,0.96571183
0.32520701,0.96879322
0.49614828,0.50253861
0.59319717,0.7115341
0.60343328,0.73535538
0.45528921,0.46288941
0.46613927,0.8995043
0.32525161,0.90195589
0.40781353,0.90098868
0.44217626,0.69560639
0.377335,0.39496956
0.45258983,0.48015087
0.53381994,0.81647672
0.59679358,0.8173103
0.78628596,0.64962921
0.47992306,0.30696931
0.55052325,0.82648771
0.37765335,0.36333262
0.40779513,0.70657414
0.50523513,0.6271814
0.26588196,0.6386028
0.52301189,0.82868569
0.32905867,0.5531244
0.59358711,0.78012069
0.64251499,0.75525351
0.52768724,0.67389726
0.3496711,0.57940386
0.33321763,0.62296665
0.37846981,0.67669397
0.42753248,0.77681378
0.66994675,0.17925867
0.64321808,0.32485388
0.32368731,0.67198118
0.538854,0.49826074
0.69572702,0.24566334
0.56696644,0.53150233
0.36009451,0.58049031
0.38137954,0.57369618
0.32588221,0.58064723
0.56994869,0.55124378
0.37848236,0.50019119
0.52490856,0.45436175
0.28998162,0.56540712
0.63739434,0.6614165
0.60638344,0.77204819
0.36434553,0.52717456
0.33825536,0.46814101
0.80030865,0.68335188
0.62488682,0.41179474
0.50279507,0.70564833
0.77309974,0.56587263
0.32962286,0.46707383
0.45096104,0.62121943
0.46001818,0.44125439
0.51974358,0.63786179
0.3213172,0.5929308
0.6642052,0.7382144
0.39126546,0.52991398
0.44803295,0.56155876
0.49025881,0.77715215
0.37339211,0.89346837
0.37656056,0.74910077
0.53297395,0.73828881
0.78906161,0.33042354
0.51880226,0.39753089
0.85785366,0.41733503
0.59802032,0.37825487
0.57767442,0.71117887
0.51911442,0.3393364
0.58634535,0.6837931
0.65158004,0.63930991
0.40725612,0.71176586
0.3537856,0.68708009
0.35228471,0.72961699
0.73729317,0.25297903
0.46997165,0.68128637
0.34698356,0.61358719
0.53893222,0.67516054
0.39316015,0.31427093
0.48428095,0.79410787
0.27673462,0.58548912
0.37841872,0.40352328
0.4512648,0.42759465
0.28644772,0.42473928
0.60780992,0.5790546
0.40648796,0.5104707
0.56554977,0.51793695
0.59352478,0.84804082
0.67573862,0.64042231
0.6610473,0.68595474
0.49001983,0.36517136
0.45205453,0.44264902
0.73371786,0.51604614
0.95994788,0.67524188
0.24313434,0.63717813
0.24661041,0.56383172
0.4470874,0.90226622
0.56388136,0.24767014
0.60481529,0.30591878
0.57796286,0.52310561
0.51343155,0.3920922
0.34929939,0.79769034
0.73089807,0.41081885
0.70342817,0.46175492
0.37478809,0.52608153
0.42708021,0.49662004
0.4042365,0.42570492
0.43166685,0.43645179
0.34239708,0.66853136
0.47840387,0.35754665
0.50250981,0.71502579
0.33654228,0.64503783
0.40662773,0.7782831
0.39017456,0.43713204
0.43588296,0.86552307
0.58712605,0.55106733
0.53649906,0.42578776
0.55830615,0.38788513
0.48200002,0.33357102
0.39055069,0.81289908
0.47418252,0.40799054
0.53774784,0.42950639
0.5056569,0.44226208
0.45615821,0.6124673
0.45967257,0.68782534
0.49603194,0.69758131
0.43852959,0.55325879
0.50367153,0.55695816
0.35100575,0.58676826
0.77599025,0.2950384
0.9272385,0.34674082
0.49382803,0.318471
0.42023399,0.70321395
0.41070517,0.50954641
0.40342432,0.40439131
0.38064804,0.54909309
0.40644319,0.7959982
0.53936381,0.43955252
0.50576361,0.71228703
0.36929874,0.56938826
0.6057469,0.4991372
0.56689754,0.56156153
0.3972621,0.43442388
0.48764073,0.65352539
0.38151053,0.35159361
0.58271416,0.70233293
0.54003399,0.62198247
0.36208201,0.56683044
0.37567619,0.80707156
0.43518162,0.5295621
0.33372369,0.50466875
0.5024346,0.64812585
0.32762571,0.66421603
0.63123085,0.58815179
0.34904515,0.69813702
0.73882067,0.52316169
0.44494836,0.46335706
0.52619876,0.5281501
0.59689757,0.48714536
0.42012359,0.63790197
0.66639672,0.39071379
0.53550499,0.58312102
0.29962806,0.60901744
0.68906872,0.50677331
0.35733838,0.78045184
0.34905641,0.83293441
0.42264242,0.46986254
0.60226771,0.59152125
0.46882981,0.61180635
0.43238821,0.64553764
0.34643597,0.6516258
0.30184591,0.56614903
0.6460657,0.38746954
0.65430451,0.3591279
0.59393805,0.49155032
0.45006062,0.47064735
0.50014625,0.5764301
0.40688385,0.79802815
0.75976459,0.30295408
0.34261714,0.77402689
0.39926875,0.47292116
0.43766199,0.41214723
0.43978496,0.86723267
0.35616498,0.84800653
0.48824538,0.93491543
0.76206775,0.45220859
0.51126696,0.36155206
0.35584744,0.73394276
0.35286858,0.47361815
0.47328039,0.67031176
0.42327649,0.59732219
0.81893913,0.37853087
0.56087647,0.43693943
0.48889895,0.49225045
0.76241649,0.52915593
0.35024511,0.43902442
0.56459308,0.73782781
0.44962871,0.62183832
0.39717764,0.87052751
0.31295548,0.89148086
0.66715801,0.32912496
0.52864077,0.47802189
0.46926026,0.66014481
0.568663,0.32966624
0.4452081,0.56229216
0.46398215,0.7746355
0.54879854,0.68160343
0.6668869,0.27326231
0.49283445,0.59344375
0.32771882,0.75639671
0.46113035,0.49176915
0.47581064,0.6592475
0.4419543,0.36939746
0.53419307,0.59699759
0.3865394,0.4190565
0.72187143,0.52811608
0.49142779,0.41476121
0.59723373,0.64525817
0.62886991,0.48824403
0.38361062,0.7528199
0.43586346,0.46422191
0.71272138,0.45012466
0.68433077,0.51674509
1.1953435,0.31751963
0.5305485,0.42582308
0.34243975,0.68956544
0.29996412,0.82645727
0.55051844,0.35006817
0.73450687,0.5490951
0.53690105,0.28882676
0.47730419,0.90484792
0.38392906,0.83635194
0.39874917,0.64285802
0.45166115,0.58939814
0.68079064,0.31032475
0.32196585,0.76361242
0.41480499,0.63531031
0.65946597,0.30273829
0.38761037,0.54326155
0.51434329,0.4539361
0.44695456,0.51285364
0.4327308,0.71869153
0.33499686,0.63105469
0.71458445,0.51476767
0.49671292,0.35486333
0.7971105,0.42294153
0.39628849,0.58206767
0.66374792,0.55361618
0.5299117,0.27972978
0.57209368,0.77734053
0.45442538,0.20708493
0.5576351,0.49054091
0.52093142,0.32811697
0.44098815,0.67233278
0.38502775,0.95333136
0.39612809,0.94908285
0.34317159,0.54975691
0.44050333,0.78358384
0.37748419,0.4258442
0.43300192,0.39984037
0.58368668,0.58782512
0.51671799,0.33781975
0.26035459,0.83483029
0.33998501,0.91194978
0.38657293,0.93712774
0.33845881,0.74660944
0.4375618,0.6734175
0.59063274,0.52422509
0.67379114,0.63750561
0.30691338,0.61390617
0.64515173,0.88862402
0.39017861,0.68199754
0.56997512,0.50689722
0.39489495,0.49606038
0.42207536,0.4726543
0.42037008,0.63275558
0.53582177,0.37088484
0.45467742,0.48847837
0.43977453,0.73419706
0.29295576,0.70409784
0.34088293,0.58079082
0.68489848,0.5660817
0.2931234,0.6216756
0.49234713,0.83446642
0.34536547,0.72245348
0.53478277,0.59934533
0.461987,0.52040241
0.49800409,0.5487622
0.5433536,0.51983699
0.55426312,0.53202022
0.306288,0.68858087
0.74211843,0.28495516
0.71960591,0.51209444
0.41311632,0.7101881
0.36169573,0.59212508
0.34483114,0.79513209
0.6236185,0.74925628
0.41297747,0.46285292
0.45693914,0.59871119
0.76948418,0.3397467
0.84215774,0.29063989
0.75154466,0.34940661
0.57918794,0.31006528
0.46835894,0.87024126
0.51189331,0.74227608
0.53504244,0.30561582
0.7346662,0.64535609
0.57103794,0.64985847
0.62266296,0.5847317
0.39586728,0.59493529
0.42472833,0.56068141
0.48427076,0.54157575
0.48235278,0.59062611
0.50377207,0.60556777
0.57229774,0.736503
0.68828473,0.68084148
0.36239843,0.50871769
0.39842679,0.66324939
0.45014098,0.40383048
0.43886441,0.82511235
0.3767873,0.38545515
0.47135693,0.83419541
0.38482818,0.8265952
0.31791794,0.92486239
0.3875955,0.90475285
0.41477066,0.46711308
0.34453262,0.59092745
0.40027385,0.4975021
0.64402352,0.53449704
0.27050862,0.49414761
0.307185,0.61055356
0.21627726,0.80625679
0.28771963,0.77359985
0.3745684,0.84505025
0.32222024,0.83600995
0.44487399,0.52806445
0.44725558,0.4334846
0.41913906,0.5992687
0.34948106,0.62369919
0.64442829,0.70894453
0.48181457,0.84999868
0.45561844,0.49454403
0.51379236,0.2602709
0.57751118,0.78821405
0.32618044,0.73367223
0.41257917,0.73274155
0.46484367,0.45688225
0.38413296,0.79039184
0.35087921,0.89937339
0.30001118,0.9374437
0.35569813,0.96313388
0.44410071,0.95492033
0.38289104,0.64354497
0.43763392,0.59519546
0.4777168,0.55341961
0.35746744,0.7323655
0.36299373,0.61627137
0.66903656,0.41099823
0.42584368,0.39073154
0.29521559,0.71892408
0.80840083,0.2850053
0.67369027,0.61415497
0.68957778,0.25202515
0.31370962,0.72347593
0.30041808,0.77151935
0.63045261,0.3306945
0.61491131,0.61352168
0.34218367,0.6906176
0.46679783,0.52808623
0.38229964,0.48734665
0.5264851,0.58999448
0.3738571,0.4218297
0.48494915,0.90115229
0.63621271,0.93041415
0.37650211,0.66155127
0.49238532,0.28778439
0.26870413,0.74740543
0.3808075,0.74960573
0.3890112,0.51136058
0.32535023,0.67824971
0.46402057,0.63367556
0.36282865,0.75979071
0.50908589,0.39763187
0.44062101,0.8188178
0.44859227,0.42988509
0.40972461,0.55587793
0.63218383,0.45802232
0.53139239,0.48206291
0.37889518,0.65944067
0.435766,0.7971837
1.0337716,0.34103955
0.5368079,0.5325971
0.44103743,0.52704828
0.50901609,0.65672857
0.5435911,0.30468744
0.41823709,0.72357659
0.47104367,0.78716382
0.46139863,0.77925412
0.41072643,0.42311496
0.35857758,0.52738372
0.35379327,0.73008673
0.85550382,0.41728112
0.4138998,0.45226161
0.406295,0.40366923
0.5414575,0.51727304
0.4321348,0.37834957
0.46303855,0.74153917
0.61688418,0.75887923
0.46394846,0.50911644
0.64367647,0.78026825
0.63141355,0.8154154
0.293093,0.74391706
0.3439607,0.7283533
0.35170921,0.60231728
0.69013707,0.52088994
0.67149881,0.23788965
0.46944611,0.69433863
0.49253637,0.49305955
0.68530983,0.46404663
0.74664545,0.27854554
0.79179515,0.34712041
0.72267697,0.31614294
0.49296492,0.44741538
0.40284819,0.55756752
0.45492381,0.63395786
0.40868721,0.41341797
0.52257005,0.41662326
0.8754004,0.41967262
0.33654123,0.65585547
0.46407101,0.59488094
0.400313,0.57976274
0.58639664,0.49576609
0.65964763,0.55197632
0.55691017,0.60414
0.31173114,0.43651301
0.51429484,0.4320668
0.55560538,0.34216144
0.54081198,0.32884524
0.32620167,0.79542246
0.51504016,0.45196269
0.48660169,0.45791446
0.48815679,0.61491146
0.28928627,0.81534495
0.54894506,0.53039452
0.32771764,0.6234949
0.36747867,0.78535611
0.43667914,0.63305048
0.78760318,0.31359612
0.69244229,0.33397114
0.73253298,0.20933764
1.0412694,0.49484952
0.67019908,0.1955984
0.41065606,0.48599982
0.36904745,0.60676342
0.51450213,0.33109035
0.38166937,0.73951926
0.42236208,0.49116102
0.57401104,0.4509997
0.40674127,0.77069208
0.4316951,0.68593404
0.44402522,0.51093142
0.47077199,0.74739625
0.63109876,0.71197952
0.30631963,0.54341569
0.37163929,0.50449599
0.5890632,0.39817635
0.6926542,0.30479541
0.65352284,0.80150831
0.52056419,0.35508407
0.37689047,0.97133173
0.28291267,0.53277557
0.40438228,0.78102943
0.40504902,0.70379218
0.36007551,0.75739109
0.4377648,0.85372103
0.55055721,0.76402516
0.5200926,0.78045279
0.41610794,0.41600971
0.61354693,0.43200705
0.48622004,0.33148775
0.32790377,0.85046179
0.46649525,0.39346915
0.4412319,0.70159785
0.6219732,0.65172595
0.73783643,0.51999252
0.91365232,0.51584709
0.45602149,0.54780397
0.33833853,0.47389364
0.49098238,0.59986984
0.76580681,0.40034764
0.36678255,0.79176396
0.64809822,0.40258939
0.38945564,0.64822357
0.44936205,0.56263185
0.59110162,0.55474627
0.54155505,0.42701679
0.51123577,0.49686325
0.5470522,0.58459254
0.77199847,0.38825084
0.42794097,0.7940093
0.5951031,0.26573402
1.1473794,0.5209315
0.68257706,0.51189241
0.41447332,0.71478889
0.44266362,0.58529503
0.51867212,0.52133927
0.48754387,0.8600726
0.53933283,0.37471217
0.35992065,0.53439252
0.4479275,0.47654603
0.50739475,0.57078036
0.47983794,0.36863426
0.5940424,0.53622233
0.60516543,0.42235107
0.5973737,0.43896973
0.4989311,0.3253005
0.42710774,0.34272269
0.4345584,0.84816012
0.40071648,0.45337296
0.51214261,0.81290141
0.44132608,0.85262928
0.44076645,0.33668316
0.41732217,0.79154054
0.35528369,0.35643334
0.5284533,0.65746696
0.49322449,0.52583277
0.47909741,0.82782549
0.45943926,0.81853092
0.57237021,0.49309665
0.46528457,0.40299479
0.4784003,0.60965611
0.72136861,0.42425644
0.43550539,0.61908403
0.42343951,0.62792115
0.5817734,0.61662844
0.27961146,0.79963414
0.36766098,0.85402981
0.32373729,0.5587029
0.38812625,0.67261081
0.54568182,0.44983913
0.54779316,0.39297403
0.38330419,0.69099002
0.45952254,0.49092106
0.48521888,0.61732338
0.37423864,0.76120179
0.4393155,0.33130774
0.55360049,0.80247419
0.31507133,0.5674467
0.45062406,0.75234294
0.71899486,0.29315639
0.4391392,0.55162356
0.49877368,0.4297553
0.39317153,0.47453732
0.66906682,0.59829373
0.69438931,0.630365
0.26215296,0.46559107
0.75008618,0.43393305
0.29732105,0.76262067
0.75360959,0.36167246
0.30193472,0.70203913
0.29034769,0.59474488
0.37819284,0.53897
0.51018343,0.5709911
0.51944468,0.58711531
0.34239372,0.69952533
0.61636931,0.39294401
0.47803609,0.53518567
0.48316192,0.45870355
0.32349092,0.94770434
0.42610403,0.71051395
0.55624802,0.62789855
0.57380276,0.78916216
0.43388843,0.73713993
0.55534496,0.58251717
0.67156133,0.35185783
0.29046447,0.72340756
0.84400643,0.35840795
0.72485601,0.65519394
0.42124273,0.52041298
0.55008284,0.72093999
0.70683366,0.28204243
0.47311602,0.49874128
0.46754916,0.60292483
0.56346822,0.41657644
0.49708927,0.40023096
0.33939613,0.70312235
0.59185541,0.58941484
0.77412717,0.37828634
0.41695297,0.5446019
0.65918499,0.59399899
0.37739578,0.62476253
0.50288357,0.63283946
0.35350305,0.66637014
0.3239719,0.68457374
0.54950795,0.91369015
0.44091406,0.89404927
0.38708588,0.82079653
0.32693767,0.89578885
0.56057065,0.90974492
0.78250072,0.70624227
0.84626733,0.46349496
0.82163016,0.4393962
0.7493736,0.22129822
0.55147143,0.75096492
0.43953281,0.32775199
0.6414215,0.77993631
0.59710477,0.80717045
0.31317133,0.5617524
0.59062727,0.79317935
0.58287497,0.72577254
0.30305522,0.60321576
0.7625741,0.2983713
0.28689086,0.74594097
0.56772142,0.37952171
0.53910224,0.49471016
0.46960033,0.60866142
0.32106419,0.85297328
0.30321856,0.86426702
0.35959984,0.83460974
0.85655927,0.42678588
0.27695619,0.63391961
0.55664373,0.4167362
0.48788475,0.38502077
0.47527235,0.44021763
0.3945053,0.67043577
0.51725155,0.32319494
0.38665835,0.72792292
0.51230854,0.53652465
0.40592971,0.64745783
0.47427413,0.57131263
0.46249237,0.58784812
0.42340868,0.68995336
0.28729022,0.78023284
1.3654686,0.27413338
0.60966181,0.40171903
0.47488029,0.4979203
0.37467798,0.67415589
0.32079554,0.58618994
0.45763285,0.5336402
0.35706497,0.46296682
0.57075913,0.71335386
0.27810763,0.50919875
0.60054321,0.83228634
0.51432474,0.90167244
0.542695,0.89251961
0.46633587,0.67923511
0.48253922,0.52684342
0.49077322,0.42025518
0.4817625,0.41234804
0.64195301,0.31150551
0.39789048,0.56785413
0.70709257,0.44618644
0.45174854,0.34585125
0.32748875,0.69222211
0.5870209,0.73457028
0.37740065,0.50689859
0.58840711,0.56122839
0.44736567,0.54650277
0.60815482,0.53334346
0.34126432,0.55736876
0.36762333,0.66331721
0.86895969,0.23987029
0.34688307,0.59703819
0.38741434,0.49479378
0.64989072,0.46849362
0.65431839,0.50685942
0.49938528,0.32575872
0.39098809,0.80154556
0.33328967,0.67958195
0.46541501,0.71468752
0.44614363,0.59387728
0.45651055,0.73544413
0.59707678,0.2982559
0.3432001,0.70561905
0.91008609,0.3801405
1.0301652,0.36525694
1.0237319,0.33908816
0.99000468,0.3009828
1.0344373,0.47090273
1.1723648,0.51937552
1.4004259,0.62516577
0.35674833,0.97720959
0.43913637,0.92364818
0.34730066,0.52925949
0.57527872,0.84855124
1.1189397,0.46573668
0.77409577,0.29704447
0.79785445,0.54786878
0.59467325,0.5211787
0.36174863,0.51842182
0.77449154,0.32445306
0.29496841,0.77052023
0.44791231,0.84415439
0.35748631,0.7268025
0.34142884,0.81087788
0.37345386,0.72348898
0.35298715,0.63638796
0.62579885,0.36447783
0.43645223,0.63618103
0.52346701,0.78909133
0.60611127,0.88128708
0.3045024,0.56802497
0.46945596,0.38754901
0.57954503,0.44980238
0.61596498,0.33328846
0.6158976,0.43264162
0.26692544,0.6002364
0.42073632,0.49420848
0.43090874,0.5685973
0.37948761,0.58832021
0.4508122,0.47637812
0.47894354,0.53647955
0.44958622,0.52087182
0.43215318,0.62299869
0.48513754,0.75290006
0.45426486,0.43144768
0.5797709,0.46942695
0.79938411,0.41062223
0.54679236,0.43440453
0.31303678,0.54082341
0.26694963,0.8714545
0.44773618,0.72749589
0.53323508,0.43638147
0.40885954,0.62823903
0.45612835,0.44150092
0.37400131,0.47312845
0.32594963,0.45806214
0.74171459,0.5778561
0.26985477,0.78464624
0.30719318,0.60969785
0.27156342,0.61200097
0.49051493,0.78017036
0.37704444,0.31130439
0.447401,0.8132741
0.50549318,0.53385958
0.55057029,0.36381675
0.38274431,0.42929728
0.50390867,0.68477284
0.51159055,0.48366273
0.37419524,0.5150086
0.39074888,0.77095638
0.26827218,0.30618719
0.7230046,0.75088108
0.37826258,0.40842312
0.63670887,0.43943662
0.45572262,0.65716448
0.51934675,0.34309104
0.75158649,0.51213892
0.37625046,0.46875427
0.62627906,0.38693654
0.37805,0.6814562
0.57036089,0.40837671
0.79107602,0.33128845
0.48486732,0.39109193
0.53470789,0.38433939
0.53018049,0.4247254
1.005154,0.49986176
0.41712033,0.92865932
0.36165213,0.95743266
0.33297088,0.50120513
0.54278181,0.73022705
0.57008633,0.25939103
0.83824336,0.50959385
0.25649621,0.598492
0.69965644,0.57687061
0.64688746,0.5242676
0.67347428,0.48070166
0.61230517,0.46657232
0.3976644,0.61788165
0.45611565,0.81385064
0.38154371,0.69503208
0.40059913,0.64269162
0.56315229,0.66460696
0.39788511,0.47156074
0.47638582,0.5799965
0.82941606,0.41480523
0.36191044,0.56431253
0.7819745,0.71402297
0.4108203,0.90428907
0.34911155,0.67668546
0.35443298,0.71982628
0.76125338,0.31939117
0.56347271,0.55041383
0.3455725,0.68872357
0.34426002,0.7630757
0.58549421,0.45461985
0.36239841,0.39762775
0.695467,0.47838977
0.4067581,0.45061822
0.30548117,0.80168625
0.49106797,0.60230784
0.46319998,0.52561768
0.65205621,0.34251432
0.60148166,0.36789087
0.61154229,0.44899603
0.64137702,0.24950007
0.295505,0.92065757
0.45770912,0.94666422
0.42546623,0.83722021
0.44617761,0.36976609
0.67718176,0.5885364
0.55802188,0.49362988
0.50911356,0.56522736
0.42005731,0.5498746
0.55928194,0.42142358
0.52594725,0.77019987
0.37238967,0.60613465
0.2356186,0.83056408
0.69196998,0.52129005
0.41638261,0.42801319
0.36812716,0.71581917
0.42249843,0.89393132
0.58097746,0.69672751
0.68287741,0.45241906
0.61190585,0.41725845
0.78997046,0.24822583
0.79173998,0.1561311
0.91349697,0.38756019
0.7302111,0.27250334
0.73191321,0.45990895
0.2514087,0.88871654
0.52106049,0.62920358
0.37439249,0.57601904
0.3855389,0.6474469
0.38949484,0.48050501
0.38223993,0.56136284
0.44234983,0.34795905
0.53775799,0.61650962
0.35984565,0.42429849
0.49020123,0.65642808
0.40601259,0.66669159
0.61344077,0.71011281
0.43116962,0.31192731
0.40370159,0.79625588
0.46599831,0.40855013
0.36506508,0.89155993
0.53055906,0.33870661
0.5971854,0.49037285
0.42654108,0.42368897
0.45026585,0.59047251
0.42486697,0.54287672
0.41097251,0.6031734
0.43363296,0.78213834
0.4158309,0.59714312
0.33621691,0.65526861
0.43140154,0.5432606
0.44394763,0.5871762
0.45065647,0.47504381
0.4820333,0.37913216
0.63421652,0.62222221
0.5270164,0.26330669
0.60208144,0.48940037
0.58636761,0.22771733
0.4325244,0.27106698
0.46323702,0.53973354
0.3975817,0.51050545
0.51244466,0.68667552
0.42586284,0.41001858
0.87527623,0.49279669
0.25527068,0.69291804
0.3680645,0.92946345
0.50367022,0.88102163
1.3915101,0.71072314
1.2255948,0.69668703
0.3170607,0.59614792
0.6979957,0.75005403
0.32939301,0.63204098
0.42164679,0.56317562
0.46526829,0.42313074
0.55546704,0.34377916
0.53106872,0.38242346
0.53791146,0.61218451
0.57000339,0.33061083
0.544285,0.28039802
0.55297688,0.35321208
0.40094846,0.60049598
0.40150388,0.68050538
0.40878202,0.58117683
0.34689651,0.82123052
0.5657887,0.28043663
0.73988813,0.62390249
0.4160949,0.43275907
0.60616957,0.74393095
0.35896328,0.89507206
0.47230065,0.88354878
0.39180705,0.84040563
0.43387043,0.57391538
0.37522521,0.62660611
0.34501964,0.69346195
0.50145508,0.47681046
0.50027211,0.50582962
0.50135239,0.43716261
0.68384528,0.3612007
0.64600025,0.20983234
0.41592226,0.70450175
0.52960059,0.6515648
0.67462447,0.34336789
0.48124073,0.47821449
0.44662861,0.81856063
0.5167608,0.88683053
0.54870734,0.89215256
0.39349903,0.29334371
0.81126912,0.58577445
0.60224612,0.23891012
0.59583762,0.62201602
0.4700632,0.48904697
0.50711164,0.62513993
0.42050352,0.60442024
0.49854437,0.61017142
0.42431656,0.41309957
0.48406799,0.68750092
0.44769672,0.60104827
0.47789466,0.48014475
0.52152691,0.69561016
0.62312132,0.68448579
0.60021674,0.61662895
0.5024495,0.52087373
0.67258589,0.46480669
0.56031506,0.33611464
0.44264834,0.58924308
0.42545458,0.63424668
0.45948316,0.72136002
0.49096242,0.53754675
0.39145314,0.6744869
0.45807912,0.48531561
0.4376085,0.4750658
0.40691933,0.56428442
0.72942929,0.49220784
0.86001498,0.28870523
0.4058466,0.70166439
0.55956861,0.43166774
0.68810145,0.76129139
0.67727789,0.27171089
0.47761344,0.4864151
0.341548,0.70127965
0.38093022,0.64065684
0.69499405,0.35705784
0.29006816,0.72341703
0.40643694,0.6833197
0.55500213,0.45561814
0.68304335,0.53754255
0.36707848,0.6042567
0.28023183,0.63329746
0.48133144,0.48071802
0.43258513,0.59609009
0.40044963,0.53975181
0.45343007,0.64686272
0.34800974,0.79692
0.40947386,0.76933876
0.28189388,0.58962784
0.51815521,0.67927295
0.40420966,0.45254568
0.56136031,0.72284535
0.49166656,0.71309945
0.53919977,0.66006169
0.76527441,0.51730569
0.57031203,0.64243578
0.48178166,0.64181941
0.54283364,0.48944612
0.42818051,0.4440995
0.49260729,0.68783169
0.42269617,0.73092097
0.46312042,0.63930255
0.31872813,0.69082518
0.32153361,0.67451434
0.51505418,0.41356262
0.62700573,0.5544563
0.33138387,0.37273357
0.50219024,0.87664093
0.30377846,0.44055404
0.5776592,0.79614587
0.32377973,0.36574576
0.66118326,0.84362453
0.74407566,0.88343877
0.30589674,0.4758108
0.35809689,0.79713637
0.73464446,0.66869571
0.53571219,0.55900688
0.58827297,0.51011248
0.58196284,0.3902421
0.40821356,0.5673962
0.44073659,0.48923147
0.34381198,0.34716619
0.77811819,0.45472204
0.62238174,0.42167824
0.39447025,0.49566978
0.42437242,0.46843591
0.41421198,0.59648138
0.63323527,0.53091302
0.35167113,0.70178204
0.43741597,0.32621677
0.31941484,0.81593258
0.51421775,0.36218515
0.40205562,0.74899001
0.51038031,0.59910333
0.4239441,0.60491853
0.55022443,0.58755734
0.46073608,0.47211748
0.43825678,0.6740954
0.34281484,0.63222663
0.61335535,0.38112759
0.36014774,0.42643969
0.7187133,0.47674596
0.32896487,0.66034977
0.44189299,0.44215972
0.54343038,0.41881138
0.45389066,0.52319485
0.4169873,0.5103473
0.47734302,0.39866428
0.51394326,0.61023482
0.4522231,0.63810021
0.45107675,0.59430129
0.49060801,0.52115853
0.61215296,0.34721157
0.62705348,0.35078616
0.52890296,0.47225541
0.40164988,0.80594167
0.32344232,0.60619895
0.40366994,0.78652389
0.61609143,0.32972106
0.72990721,0.58893845
0.49502988,0.8221445
0.41936101,0.34805011
0.55841101,0.57137925
0.29978178,0.73032134
0.62028076,0.66920431
0.33291509,0.79704536
0.62964413,0.53619089
0.40945334,0.80637013
0.46225491,0.43425793
0.57311321,0.52816151
0.48304152,0.49117546
0.39985349,0.66171305
0.69410357,0.53407573
0.3965817,0.73595897
0.51945278,0.40108948
0.39784612,0.65563039
0.64297864,0.30545715
0.68765763,0.48068449
0.51810316,0.46673098
0.60009499,0.2501314
0.47804829,0.41659887
0.41748396,0.43922956
0.38025292,0.43069433
0.62830988,0.67882033
0.83016082,0.49726669
0.30692772,0.85168794
0.417443,0.81425849
0.2671666,0.56511674
0.75019601,0.45102528
0.36092253,0.53728635
0.6482908,0.62105156
0.69041336,0.35756405
0.31629194,0.66399568
0.43614436,0.74915334
0.40126487,0.35716041
0.41203936,0.76207122
0.46329459,0.35341032
0.4364299,0.74977734
0.49928695,0.40776009
0.48523474,0.43901537
0.48174228,0.83052025
0.51519975,0.57285792
0.46059415,0.37650172
0.56479026,0.43026522
0.40133613,0.51707108
0.38401794,0.46136558
0.24247939,0.60268227
0.3187834,0.65678797
0.37689059,0.71982717
0.42598849,0.62872452
0.65128482,0.39401412
0.33906568,0.39019754
0.64884184,0.81687607
0.36320718,0.35875764
0.48048131,0.59739618
0.34701029,0.47717038
0.47069841,0.77454361
0.41624394,0.75883826
0.35723387,0.7943461
0.41057959,0.72528922
0.41969581,0.45293771
0.53741665,0.5247935
0.53264228,0.5397302
0.8012481,0.42453223
0.32778834,0.75105657
0.45138079,0.82148171
0.36682557,0.71349166
0.34973636,0.52628423
0.34153511,0.51744952
0.54343346,0.4495761
0.36090818,0.60441072
0.42889061,0.58629905
0.5016334,0.42280851
0.49302983,0.46917537
0.71704186,0.40635776
0.52248641,0.4648293
0.43007615,0.66615937
0.57046946,0.35112714
0.65290923,0.54434647
0.73880894,0.32958638
0.71025588,0.66591852
0.71230088,0.79029947
0.65897681,0.77272006
0.62929022,0.4244577
0.49735531,0.48217608
0.32317805,0.71551695
0.36280845,0.63476262
0.44191918,0.59485907
0.55788557,0.53853904
0.2679446,0.57514015
0.48567678,0.71775408
0.71285642,0.27233248
0.44260038,0.79947342
0.36322065,0.49680667
0.64167527,0.62754142
0.52975354,0.74857693
0.41441327,0.76684804
0.43938375,0.43582594
0.30467476,0.72692515
0.6563695,0.44568363
0.44671992,0.47990565
0.52499116,0.32234869
0.35819076,0.92429737
0.78616575,0.33141755
0.76137495,0.35294194
0.62841284,0.34445146
0.4038901,0.56225951
0.36522847,0.47877422
0.53952293,0.77913409
0.36057162,0.58595587
0.42163175,0.68863076
0.41682398,0.66981814
0.51389963,0.34455259
0.56596713,0.59573159
0.65094166,0.54805791
0.37895526,0.45416906
0.5559913,0.68080813
0.34000615,0.52292981
0.43630232,0.46323226
0.74597857,0.44636163
0.71247228,0.35363028
0.80285672,0.41939739
0.33147702,0.53041625
0.41994673,0.67473292
0.41842929,0.73526491
0.46716902,0.66773051
0.4288436,0.43489443
0.46107384,0.7170476
0.47467084,0.59320837
0.67752545,0.56620447
0.38059672,0.7317007
0.44830956,0.8149501
0.36693294,0.79914561
0.29611273,0.8927308
0.58462037,0.28770514
0.80417977,0.20447044
0.57325339,0.87408173
0.3906121,0.81173962
0.35237644,0.66348555
0.88769502,0.31899809
0.67980677,0.38503613
0.5176733,0.64748419
0.58719439,0.60384724
0.42348549,0.73363465
0.41143364,0.41490046
0.30598719,0.6093192
0.40486555,0.77116762
0.62729347,0.84920301
0.53979033,0.7851807
0.37812743,0.86508762
0.30477121,0.94268659
0.3633525,0.8807927
0.39122035,0.91588099
0.4602587,0.86015814
0.30645802,0.82853252
0.39888422,0.71505148
0.35004229,0.72933996
0.53221915,0.46910151
0.40203169,0.64833383
0.75625704,0.30624116
0.44457862,0.76265913
0.43188487,0.59001393
0.42766757,0.61431958
0.40084995,0.70388618
0.34840255,0.45326335
0.57490993,0.79310725
0.34798902,0.44702825
0.6779591,0.54204479
0.45307744,0.470806
0.47654607,0.94035536
0.38941083,0.60839709
0.55919151,0.54928675
0.33872233,0.41004966
0.53749327,0.81151891
0.33341153,0.51447106
0.30931878,0.40567183
0.5333015,0.82843205
0.39408252,0.61047881
0.35947317,0.7503472
0.57044997,0.53151931
0.42249401,0.69038451
0.44009975,0.53171697
0.37973988,0.76222943
0.65725536,0.37568571
0.40440327,0.49671995
0.40924401,0.65643429
0.77803465,0.39355335
0.76493172,0.35638571
0.37162159,0.70915848
0.35702884,0.68566053
0.25478944,0.58472906
0.82145368,0.78241828
0.70656948,0.76387803
0.53460976,0.54321355
0.40443884,0.81348856
0.43057088,0.84649367
0.40279461,0.87559851
0.30919599,0.63648149
0.37818875,0.72941022
0.50698564,0.41802879
0.56140131,0.53986158
0.43786728,0.59660585
0.72262217,0.30915953
0.38203194,0.69371493
0.38468737,0.69868824
0.38435242,0.67669456
0.46631719,0.41487685
0.4886185,0.44834101
0.41134433,0.53124067
0.66479782,0.56682617
0.54444641,0.39408862
0.55886532,0.82416279
0.55149267,0.33095871
0.44098187,0.79101409
0.32059714,0.60765712
0.55705124,0.54258381
0.54338769,0.72278713
0.31553035,0.60174588
0.44046334,0.66754652
0.66977175,0.46393983
0.38649842,0.61801585
0.42711222,0.42684084
0.39526948,0.51771712
0.5497682,0.72468815
0.51842999,0.41306901
0.64367675,0.44566183
0.39861907,0.47777432
0.32340836,0.60207191
0.28545684,0.23590643
0.34834157,0.51377523
0.47072787,0.50967792
0.53047607,0.37046051
0.49747596,0.39930991
0.34290741,0.72968282
0.39467277,0.84127694
0.49072777,0.45557629
0.39075194,0.6327155
0.32631533,0.5381499
0.69987844,0.41924847
0.63413536,0.31195409
0.51613137,0.38847083
0.60658316,0.46257845
0.47848382,0.42067315
0.53710345,0.50777369
0.37616974,0.62991639
0.4834784,0.8408628
0.50943849,0.48257323
0.56071125,0.60885985
0.39372313,0.42633345
0.51895439,0.67810274
0.59397201,0.40111628
0.68477645,0.50125132
0.33425185,0.57308143
0.46809554,0.71593173
0.58327657,0.65683456
0.51910777,0.43305185
0.51931794,0.55550044
0.65657892,0.44137623
0.38802286,0.6619399
0.59430046,0.31146363
0.38893719,0.84147766
0.39031605,0.78099137
0.61957247,0.30723623
0.36889507,0.64916846
0.42066615,0.35911043
0.51472465,0.80990118
0.4704103,0.73498886
0.54281378,0.71913607
0.40194073,0.59709451
0.44179238,0.57883952
0.39921507,0.63041601
0.61067466,0.33661885
0.42993429,0.67278913
0.30398498,0.76109315
0.59949829,0.39673651
0.60438922,0.38328444
0.38483349,0.67486513
0.43607278,0.41130013
0.4867705,0.62881414
0.38347834,0.49914807
0.4666696,0.51358872
0.32622499,0.6495835
0.65090227,0.53534656
0.66871704,0.21026136
0.91377244,0.34011361
0.74197692,0.2054381
0.41278601,0.71817765
0.42932473,0.38274994
0.43932199,0.7412825
0.37021637,0.48779441
0.46146675,0.91730592
0.49180448,0.38064393
0.78659942,0.83929747
0.36577985,0.53967434
0.8302518,0.37099945
0.67000118,0.34004869
0.53268412,0.53845298
0.38815769,0.50283382
0.55846721,0.42420368
0.58447204,0.45017863
0.45745899,0.72567104
0.49770185,0.57512969
0.41950622,0.510165
0.30993952,0.95125084
0.42206292,0.62210728
0.5135384,0.61025204
0.52251974,0.49781383
0.46646698,0.80453281
0.53830555,0.27215187
0.77297101,0.47707146
0.50402229,0.65143049
0.48993202,0.59010374
0.49851638,0.41413869
0.37406967,0.79639924
0.40278608,0.75413008
0.64733128,0.4135946
0.80724854,0.54954259
0.26197205,0.60271585
0.72529015,0.62452443
0.78500725,0.70389967
0.87901424,0.58383567
0.57950338,0.17537069
0.79858772,0.44872218
0.46719907,0.28817987
0.42892439,0.57726436
0.28693971,0.58281604
0.37651759,0.67064842
0.64266372,0.25914002
0.64784609,0.59600394
0.76226915,0.60628984
0.38235377,0.86412218
0.29151964,0.67238831
0.44571486,0.63861191
0.37056254,0.42931233
0.48680551,0.54776319
0.3533835,0.75259603
0.4686053,0.81207522
0.37072132,0.34164615
0.50220117,0.87542069
0.38664668,0.51085872
0.51052165,0.50956461
0.44511034,0.51848052
0.59252091,0.44786927
0.43834454,0.58752295
0.46576853,0.46361243
0.57368198,0.58169465
0.46785732,0.55435484
0.57260543,0.40750965
0.5362164,0.34549741
0.46526807,0.57176972
0.49990428,0.57078263
0.3425501,0.66410636
0.33467326,0.58563046
0.69810961,0.53119571
0.7495216,0.72748507
0.67311819,0.80742947
0.53152193,0.83306965
0.35852238,0.67567561
0.63830001,0.2993152
0.34448532,0.74959045
0.44066291,0.7024975
0.27586449,0.55959392
0.58891916,0.74114757
0.77286895,0.20641114
0.53391102,0.77110606
0.39358965,0.55816895
0.3915261,0.36201243
0.54928311,0.7330158
0.30729622,0.32542915
0.52556681,0.51430543
0.50084947,0.40560595
0.44259112,0.68520479
0.45210029,0.68929412
0.42786895,0.44951173
0.6240826,0.53533313
0.41798396,0.61500212
0.4435765,0.3744325
0.58218406,0.35780754
0.53249891,0.43688832
0.40840945,0.41170131
0.48205851,0.47600673
0.55184602,0.42720366
0.45071801,0.48952751
0.41983765,0.56776577
0.41333988,0.62239113
0.33860795,0.52126531
0.57037836,0.87662382
0.54582799,0.52460134
0.3786814,0.59726897
0.4523926,0.65718191
0.35321006,0.64975849
0.33776162,0.73849373
0.32339803,0.76264966
0.35000127,0.74423846
0.36314972,0.71602124
0.6227281,0.36466498
0.5253407,0.30239652
0.39102025,0.65253553
0.79550515,0.31437063
0.52847275,0.35488956
0.39678696,0.62482839
0.32685532,0.67981621
0.48646348,0.47410328
0.46957608,0.71870972
0.54202431,0.61529354
0.36899149,0.54232991
0.3904055,0.85197272
0.58343646,0.3937046
0.3710183,0.69204693
0.33625147,0.56707023
0.3302056,0.54564288
0.75619789,0.35916669
0.57470272,0.67986602
0.65149246,0.54338654
0.45412647,0.43738822
0.38496067,0.61034756
0.42700966,0.58789149
0.44699681,0.61656642
0.27695031,0.58389587
0.33500177,0.58810532
0.64105849,0.69366856
0.51529251,0.5819504
0.49323846,0.78052651
0.453555,0.79829014
0.52457891,0.49122122
0.51420628,0.61135846
1.215258,0.2230162
0.37064465,0.68303047
0.56359864,0.51632476
0.49093573,0.40834991
0.74461619,0.30891285
0.53237988,0.70660296
0.35480582,0.64345549
0.46945137,0.65548164
0.43404827,0.55334515
0.55109622,0.63026695
0.55157123,0.63771813
0.3964291,0.45873795
0.46665585,0.79296087
0.42678473,0.86291276
0.46532779,0.80144136
0.3438169,0.76153697
0.4921798,0.5468092
0.3475724,0.57246689
0.39754863,0.5893894
0.30725482,0.59865471
0.53708665,0.63369783
0.37551439,0.75427257
0.56257618,0.65159039
0.54452089,0.49137465
0.6782845,0.82960929
0.40085209,0.50316766
0.66159852,0.25295936
0.45963806,0.78776526
0.5107822,0.56427836
0.37770534,0.66511589
0.55663946,0.3863302
0.77412055,0.55238176
0.39623331,0.48647506
0.62703333,0.86639588
0.58606076,0.7576414
0.51628276,0.72372954
0.48045643,0.64309719
0.34205754,0.58899962
0.31857298,0.62454805
0.71326628,0.32099777
0.69149206,0.38840143
0.7289905,0.31985148
0.34047233,0.64388201
0.60289559,0.64998078
0.66684992,0.29957273
0.69721089,0.3244593
0.38024615,0.63896457
0.43568903,0.6775184
0.40060209,0.60373873
0.40548468,0.51528149
0.32146095,0.52458799
0.65627077,0.556623
0.66827965,0.51996123
1.3272912,0.096776722
1.4275457,0.17980893
0.64595151,0.21514408
0.3905885,0.65609816
0.55391812,0.46499782
0.39297565,0.86076711
0.37400091,0.42398867
0.73691384,0.62021642
0.62903702,0.29994856
0.48826951,0.63043171
0.48685903,0.58310459
0.49996767,0.37661858
0.63240908,0.67759417
0.54182525,0.67317016
0.40376549,0.32632684
0.47531784,0.54568922
0.43100677,0.43004019
0.35240843,0.61606557
0.66751602,0.64759756
0.56501522,0.73840276
0.29662747,0.43894534
0.64387157,0.63952576
0.49140204,0.75624124
0.47386944,0.6309398
0.34117814,0.68753981
0.47568225,0.82649259
0.63646752,0.38980259
0.5327221,0.5062054
0.43921051,0.57129698
0.49533048,0.85996499
0.60194601,0.57026486
0.55887576,0.4188603
0.5085581,0.4520708
0.58677173,0.44937164
0.60252403,0.68661246
0.33348743,0.63021731
0.34088582,0.63375254
0.46871174,0.55431947
0.54196975,0.41711041
0.49393051,0.31177221
0.46688974,0.56114786
0.49322852,0.54070925
0.50579443,0.38655256
0.59492784,0.68568727
0.33073494,0.49721589
0.54104472,0.63754072
0.42369185,0.72968037
0.34329026,0.49818059
0.48078128,0.74119268
0.71164987,0.34810047
0.72205965,0.37888496
0.47690745,0.45553707
0.42090113,0.74388001
0.41303186,0.70076989
0.51815476,0.55629238
0.4713757,0.46360077
0.48983897,0.72201439
0.65675243,0.37632999
0.51323265,0.51415205
0.46184401,0.5459784
0.51486519,0.68092686
0.40925113,0.38564512
0.62018989,0.39594062
0.65000331,0.67780837
0.55753795,0.41584123
0.58180901,0.41853628
0.53842176,0.50281267
0.52405864,0.52394624
0.38415638,0.6937485
0.55790074,0.66637939
0.51415535,0.51240049
0.46999984,0.40638549
0.62022434,0.51726903
0.40507013,0.37927083
0.5238846,0.47505697
0.45658701,0.65092167
0.44447835,0.54118734
0.49549039,0.35064305
0.35530163,0.44293454
0.54097003,0.47726145
0.47489782,0.70070849
0.65982396,0.32254877
0.49277557,0.52780493
0.32470271,0.57580094
0.59311846,0.52629452
0.69570165,0.39137596
0.8345085,0.38638581
0.51529975,0.57268203
0.36587627,0.67840801
0.72011049,0.64412691
0.41547707,0.70071024
0.47754892,0.58066566
0.8312923,0.71808341
1.0202385,0.53554737
0.41375611,0.65672009
0.53737749,0.62374166
0.55279192,0.72541746
0.45605378,0.83687369
0.31803792,0.56832346
0.43356538,0.54283338
0.65088374,0.39680836
0.31810078,0.69348898
0.73486208,0.86420297
0.61828411,0.83183751
0.50227013,0.52348119
0.52932892,0.31587581
0.58274455,0.71310273
0.54647308,0.38747902
0.49614576,0.72649206
0.5363972,0.75988099
0.40388438,0.44500402
0.63282615,0.55051286
0.51519157,0.56100422
0.63003023,0.43878568
0.39960175,0.42279361
0.41842716,0.84227748
0.39320267,0.93136938
0.45339701,0.86104069
0.32701595,0.84349531
0.70942372,0.23742514
0.6691302,0.77670823
0.47890492,0.54430921
0.62221811,0.34072829
0.60557384,0.54732865
0.7783862,0.46236073
0.58727031,0.41742151
0.61233546,0.57204313
0.44445238,0.49702078
0.33022938,0.74192906
0.50156285,0.41753442
0.33773298,0.86357131
0.64303316,0.29422615
0.51245767,0.67721067
0.38061977,0.46355945
0.5118171,0.57698659
0.31797484,0.59496318
0.43194486,0.42018406
0.46598341,0.73061627
0.44078363,0.73577171
0.52860954,0.49274551
0.48651465,0.57471635
0.45440353,0.67686837
0.40354083,0.53686752
0.5590412,0.4586687
0.45764011,0.42311171
0.50880932,0.48784648
0.48353847,0.32232627
0.4817934,0.73707118
0.65579226,0.40341585
0.38283694,0.72076777
0.45446982,0.93365408
0.48401166,0.4075223
0.59742733,0.3498599
0.38507547,0.60247875
0.46689221,0.48208593
0.7842809,0.72985011
0.41883595,0.49424348
0.65473644,0.39833094
0.48086794,0.49172668
0.3604727,0.74666389
0.68372049,0.54875959
0.5435045,0.52717475
0.44663184,0.6287529
0.49366179,0.55466777
0.47202986,0.60479524
0.49072221,0.44359436
0.51010767,0.43356514
0.52052855,0.71886637
0.39439378,0.32594883
0.53770207,0.7797439
0.39183377,0.41465009
0.40070265,0.83236822
0.42187042,0.43658117
0.49823297,0.78655135
0.5299527,0.38786912
0.40011635,0.59925237
0.43805875,0.64892824
0.41125925,0.35795515
0.49091971,0.56489696
0.26831206,0.90028779
0.30918956,0.75924148
0.38146474,0.55236172
0.31623367,0.54844356
0.41116711,0.61249471
0.62004834,0.55321196
0.42513529,0.5468798
0.38231398,0.51633075
0.53916473,0.29773129
0.26464122,0.69391343
0.23723183,0.73974236
0.41259296,0.49942306
0.65332516,0.66042007
0.59476082,0.670064
0.4520434,0.75569384
0.52816635,0.471203
0.6309233,0.29799173
0.60525002,0.34438497
0.494097,0.4260835
0.45488932,0.83305075
0.72027906,0.60887985
0.46926021,0.28670464
0.47644155,0.82573361
0.30361579,0.83339001
0.80057725,0.15871316
0.28381835,0.73101416
0.51063781,0.68985131
0.5032187,0.30418057
0.43760751,0.43204965
0.55053086,0.6476463
0.42502575,0.70544365
0.3246493,0.74391589
0.307688,0.73716507
0.60861998,0.48636094
0.30590647,0.59285089
0.64801359,0.69813825
0.61238304,0.2640872
0.32505058,0.66690945
0.61842586,0.74998521
0.52221498,0.70977993
0.7230284,0.20223235
0.86708674,0.29978101
0.61771661,0.45787366
0.5175369,0.45061076
0.49693384,0.62955479
0.79360125,0.70760386
0.47436321,0.65149605
0.52503613,0.46118345
0.3755025,0.74614588
0.60787788,0.63612198
0.89400326,0.16810483
0.28614179,0.97084602
0.50070441,0.97271944
0.29648643,0.88995071
0.73682531,0.44619976
0.36142694,0.635134
0.37247116,0.56592208
0.30906985,0.4715918
0.46870431,0.59812155
0.39561827,0.73303069
0.42979124,0.65785876
0.41879453,0.461908
0.51915315,0.53504939
0.38106585,0.47925416
0.34979245,0.76125787
0.3586583,0.82407808
0.35902264,0.9052849
0.65475594,0.29646876
0.40207558,0.75617515
0.32263887,0.87898837
0.67107206,0.62715576
0.37224124,0.57139264
0.57979092,0.3760086
0.95216435,0.28312832
0.56275479,0.53761596
0.5092751,0.31943798
0.75682413,0.30743994
0.42405842,0.51166327
0.43761737,0.58904394
0.61670438,0.50543302
0.50675567,0.85655073
0.33172978,0.82629723
0.45169051,0.74860052
0.49250453,0.66331844
0.5822117,0.71295084
0.56286716,0.41813601
0.47193366,0.84419697
0.2700616,0.51343596
0.27362407,0.71973555
0.54863013,0.48080011
0.48626371,0.50283422
0.55871239,0.47789778
0.49102053,0.49864604
0.81861157,0.2923193
0.68514731,0.55492362
0.56489116,0.63852705
0.55593771,0.47045553
0.47840979,0.48477994
0.38614909,0.53921327
0.45293482,0.68385944
0.5132109,0.36992553
0.46940704,0.52705905
0.4063784,0.4768657
0.41346496,0.38088976
0.49996145,0.36384574
0.29546542,0.71745667
0.30076627,0.86676668
0.41199356,0.578429
0.61446036,0.42250148
0.46707746,0.50013395
0.42487754,0.66568899
0.38832095,0.75331908
0.50049532,0.32824367
0.68334259,0.52362812
0.42893625,0.57674505
0.40618751,0.61905937
0.52727482,0.5271817
0.37714739,0.49112128
0.37922632,0.74136648
0.44631034,0.57403145
0.44980712,0.48160423
0.44181119,0.75453149
0.58723747,0.68305702
0.29268976,0.81555552
0.58363473,0.36128866
0.50017309,0.63522238
0.40701588,0.51644506
0.47165479,0.70511542
0.45117175,0.59297566
0.57474342,0.36037065
0.49401787,0.67223202
0.55920649,0.56157555
0.58826269,0.43869946
0.79076718,0.29555047
0.34412537,0.77161359
0.55956942,0.89166357
0.30946434,0.56315449
0.35161636,0.82453337
0.55373076,0.39976634
0.60231563,0.5000427
0.43189095,0.76922111
0.41326054,0.75130946
0.46325325,0.69820199
0.5198957,0.64002598
0.45075751,0.52002832
0.60547994,0.37581635
0.68265475,0.28026679
0.56905106,0.43400295
0.47795806,0.47375115
0.46194333,0.49967648
0.45467066,0.76192183
0.5037578,0.62208677
0.46946946,0.56797899
0.54667487,0.45551083
0.42786652,0.47882343
0.61061417,0.52650078
0.50913673,0.42948054
0.55781596,0.57148594
0.44031774,0.94902903
0.66261382,0.91284613
0.48190811,0.4435353
0.2978851,0.64816804
0.30112299,0.80111744
0.34375896,0.77127965
0.77115022,0.58963678
0.51929078,0.45533641
0.50730536,0.57315146
0.41051076,0.60561317
0.50402789,0.53047776
0.62181041,0.34942158
0.68379158,0.27670464
0.63688203,0.42311575
0.46154211,0.40314756
0.55090264,0.78637885
0.48128059,0.26471471
0.63136603,0.45843878
0.42432534,0.48417573
0.36859735,0.89754431
0.42116315,0.38137035
0.68120869,0.90038006
0.3095578,0.60191718
0.30937857,0.62995359
0.68378969,0.55127197
0.49919396,0.71877634
0.66067196,0.4335224
0.31413025,0.62690092
0.65192766,0.29432517
0.31010059,0.64217726
0.38327034,0.66040856
0.41597446,0.57843019
0.36381888,0.38395053
0.46083533,0.53742693
0.39811671,0.46983736
0.60730222,0.29645077
0.49362159,0.21245892
0.57015717,0.23677503
0.53701812,0.65259402
0.5363792,0.78791618
0.29106855,0.44843858
0.40924924,0.52329542
0.33697314,0.69393387
0.39823813,0.56435552
0.42663719,0.54639685
1.1447416,0.237405
0.94116079,0.25703963
0.86756838,0.36119955
0.41232301,0.62472172
0.35102352,0.61036345
0.47069057,0.37355762
0.78915062,0.53555132
0.82413684,0.47270428
0.69558451,0.23365835
0.6646199,0.40023515
0.30438188,0.79955503
1.094529,0.25788753
0.45943952,0.70023483
0.40502672,0.63000845
0.45385932,0.8807375
0.42613843,0.39695224
0.53432511,0.86003648
0.30265984,0.3725425
0.48827397,0.801656
0.48639204,0.42812639
0.74363905,0.54965217
0.54630613,0.27575924
0.51306029,0.31392836
0.44907739,0.69037495
0.40399422,0.47993424
0.62714198,0.4154582
0.93141527,0.20136591
0.5189114,0.55880791
0.77917832,0.53009489
0.37935824,0.63537218
0.4455548,0.50319479
0.50653582,0.71224091
0.89210253,0.69198635
0.52738229,0.73132893
0.58026382,0.54826196
0.29811802,0.81250835
0.79947768,0.26876143
0.32742203,0.79270309
0.69596268,0.38459839
0.4581728,0.55686182
0.64629233,0.36580323
0.37438926,0.82526951
0.78518852,0.2716808
0.63720374,0.40201779
0.48301085,0.42949927
0.44201489,0.61100553
0.76689972,0.29906335
0.86922573,0.54443884
0.43304594,0.71970054
0.37444997,0.32683421
0.50235453,0.7435318
0.31342207,0.48858394
0.66759668,0.816397
0.32532325,0.55673035
0.52376412,0.28992227
0.50041456,0.34244394
0.85947852,0.58909172
0.89054832,0.58929055
0.68555261,0.35122794
0.75327715,0.46680271
0.78669248,0.47375987
0.68393956,0.56986948
0.60330245,0.56505037
0.51631894,0.65642372
0.29797215,0.7983629
0.29281049,0.78879713
0.49001617,0.87393758
0.60224224,0.26798982
0.44103318,0.80140764
0.40147679,0.70039263
0.56561074,0.3061067
0.4273568,0.77414575
0.59953748,0.76991917
0.56789918,0.79546691
0.4085609,0.85927337
0.27440705,0.74797577
0.94839096,0.32643343
0.31216241,0.48236045
0.43866407,0.52589061
0.50735309,0.31270646
0.34344574,0.31469474
0.76896009,0.64896572
0.5451525,0.32585204
0.38971598,0.87693358
0.47726725,0.80324147
0.55172793,0.75141418
0.25847568,0.73090453
0.24802655,0.79174144
0.27810158,0.71632701
0.78787646,0.44840243
0.51183396,0.54516653
0.62470691,0.49506636
0.39516297,0.79213302
0.4654767,0.87783124
0.45888424,0.36900474
0.37632419,0.55042867
0.38712096,0.38023329
0.45860141,0.60948371
0.47001498,0.41558268
0.51490496,0.45113282
0.46244903,0.55595131
0.45628501,0.31260387
0.42856023,0.26665174
0.34391208,0.49584351
0.42633435,0.41044612
0.29459098,0.67219014
0.46291282,0.81317613
0.34755013,0.43381672
0.37003172,0.64533454
0.73996994,0.2425843
