3.585437057666885252e+00,2.422945171160492350e+00
5.461526052978467938e+00,3.947330819720249462e-01
3.233749703075994297e+00,1.119593344818150982e+00
3.279202027891109594e+00,9.072780057184662850e-01
5.277359441013788732e+00,6.105349735656140364e-01
3.528844849856130672e+00,1.121085802923916797e+00
2.951788258765217776e+00,8.502128592540505458e-01
3.155628042689919255e+00,1.255675028846692243e+00
2.997102235934786307e+00,4.942995987015297299e-01
4.684132241001417007e+00,4.163486461267683625e-01
4.791040093516684806e+00,8.057869231827519130e-02
5.895091673088012740e+00,4.603230016148869286e-01
4.362540486691091068e+00,5.882153307278925602e-01
3.939234122998552134e+00,1.336178531238747524e+00
3.302230331391755591e+00,4.714033375439806717e-01
2.644645684265075403e+00,1.790937654480613039e+00
4.255292995363046060e+00,6.966641825199139104e-01
4.666046500105942130e+00,1.103057548754808215e+00
5.005212835116507719e+00,1.032255144302289152e+00
3.450049742743312997e+00,3.746917790183253438e-01
3.826048511144141795e+00,1.881483760758760670e+00
3.377068322249463073e+00,1.038672805371212871e+00
4.120646953850789274e+00,1.022282090495723272e+00
6.211609192771804899e+00,2.342784390751663004e+00
2.784644455837389287e+00,1.189012157151490889e+00
3.704390111074318259e+00,7.366546051012373697e-01
4.033316052177129407e+00,1.838630012445708672e+00
5.116250912974601661e+00,2.084526634584046079e+00
5.838131200419811151e+00,1.272997987757608307e+00
3.194718050958832656e+00,3.981038383220881216e-01
4.048677517982713248e+00,1.664436859001428459e+00
3.931795163701685247e+00,1.175802064078782294e+00
3.486304462141673000e+00,6.003418577416627100e-01
2.126409191470267857e+00,1.434056763206243978e+00
3.447227783805296930e+00,1.393879223034337311e+00
3.104683180269657061e+00,1.773521276707705541e+00
2.732878564761764384e+00,2.032671391639198966e+00
2.917909171123672429e+00,2.301024570425450833e+00
3.659402258229293103e+00,1.210786711524023840e+00
2.067296005147502669e+00,5.126666000877493357e-01
3.566394680929143135e+00,1.302668541504634625e+00
1.775905123134887909e+00,1.859741108938173682e+00
3.515871830587496305e+00,2.170200564738765436e+00
3.368856286708047154e+00,2.450197474481622617e+00
3.295172286521519833e+00,1.942788810450574610e+00
1.727673807099348924e+00,2.131184123280501552e+00
3.645478738017923437e+00,1.616100577478167599e+00
3.534687545681930221e+00,1.917318479039088253e+00
4.918947909287152420e+00,2.296345045100788518e+00
3.217041894210718844e+00,6.774366816158857718e-01
4.264692444825727513e+00,8.157822410173215522e-01
3.652627028103988316e+00,3.672477382972400006e-01
3.427763668136733610e+00,8.742421476218529275e-01
5.711763342862589354e+00,1.453340245792254182e+00
5.658340936210490391e+00,1.096564037717649764e+00
4.745697088529544416e+00,-1.425278619952996539e-01
5.311193616683016927e+00,8.501974437647839000e-01
5.969459571693842115e+00,2.566795292140290341e-01
5.694452375071069383e+00,-9.699832462366126951e-01
6.765302380848178032e+00,-8.631994745037844252e-01
7.324892905550627553e+00,-5.687431857657399004e-01
6.931615072676894584e+00,-1.601129467067265999e+00
4.607678387222875926e+00,1.498497429756266430e-01
4.921222682312748731e+00,7.743198142883476187e-01
3.510622424164201227e+00,2.133149067611335159e-01
4.246096342460208284e+00,1.368324999336922865e+00
3.485710725130530818e+00,-2.094578934773649870e-02
5.164247926315834292e+00,-3.279560188456520642e-02
5.072449547460788466e+00,-9.320287046343221915e-01
5.394799339661026316e+00,-5.112593121092026127e-01
4.099891325902630612e+00,3.167774916412812169e-01
5.094467175580589924e+00,7.185072486470321929e-01
3.347165913251239466e+00,7.073374619047390066e-01
4.749410073938427068e+00,1.306297284199937403e+00
3.310470101155278400e+00,-2.981725208337882016e-01
3.683988941873070466e+00,9.250614932515184297e-01
4.913735014243573396e+00,1.255187529823810877e+00
3.815032680375308072e+00,2.179839880036552380e+00
3.487921315629784580e+00,1.155662125882550351e+00
3.801875873105503789e+00,7.531640798866106046e-01
3.659220088333119403e+00,-2.904820462258550506e-02
5.112807941872598683e+00,9.111190720144408672e-01
4.507177919620445117e+00,-3.106925864628566902e-01
6.142903953858149357e+00,6.623274269882912790e-01
5.327481921795646613e+00,5.095197879734280066e-01
5.300042467506805188e+00,-2.707889474912732464e-01
5.734009750034671171e+00,3.316963440616438330e-02
4.149578002861348480e+00,-1.445217687208620649e+00
7.083321051598108653e+00,-8.311172383223233151e-01
5.542934319752467864e+00,-7.913794029560852206e-01
5.085113544763831150e+00,-7.767608696745861296e-01
5.851481688001812564e+00,-1.923789801497473584e-01
6.684197523262886520e+00,-9.211150361635839223e-02
6.869354910774494449e+00,1.507356253723334483e+00
6.510451613364257817e+00,1.115225485069492706e+00
3.996325404852250074e+00,-4.835723296381075897e-01
5.833832500371149088e+00,-7.147632109737011019e-01
6.908552900198063007e+00,5.758316236693667989e-01
4.876115183695483246e+00,-8.114193399081601754e-01
3.136659132325179122e+00,2.154095170618902932e-01
3.691905378119056724e+00,4.645105570951935103e-02
3.547785781003744532e+00,1.856157852030355659e+00
3.783355521597977056e+00,6.890515782018392654e-01
3.012141097035287096e+00,1.147709347146379288e+00
2.862114777037455315e+00,1.299210229153306972e+00
2.383258649367697934e+00,3.148148421454471269e+00
1.231168812593767425e+00,2.412615397513450777e+00
3.820624330409338576e+00,1.312726332121578521e+00
1.268598114778940023e+00,2.285245015596304441e-01
3.312663287979130011e+00,9.077131671300150417e-01
2.452077876706399984e+00,1.418293101016170565e+00
1.476850305826111986e+00,1.258990793920389040e+00
2.390027272552811333e+00,1.648796963632275681e+00
1.418663802994624357e+00,4.806299713611725810e-01
3.908576086301414065e+00,1.849294085113117880e+00
2.484206722337988005e+00,2.937460176455048533e+00
3.424508460209603644e+00,2.038075768656419484e+00
2.551514988876236956e+00,2.666169691664002084e+00
4.380886863496087358e+00,1.298924125069158553e-01
3.684866911159862646e+00,3.128187900042386227e-01
3.676050695851544869e+00,4.176479538900539357e-01
3.243613631271620612e+00,4.240192765049722312e-01
4.032344405905937457e+00,1.261306276056660458e+00
4.888141471101291380e+00,2.084711721846800980e+00
4.135399429990925135e+00,1.993587938434663087e+00
2.641540145853263688e+00,2.089085849661118210e+00
2.253372193932088763e+00,1.071249892411627824e+00
2.343986966741263611e+00,1.625731125224239904e+00
4.121798018525949736e+00,1.653246351359298538e+00
2.567063782015258866e+00,1.679308450438098621e+00
3.872423163807126478e+00,2.416377111615628515e+00
3.794677810493494619e+00,1.083333522899542878e+00
1.593923625348696138e+00,5.765753917721009314e-01
3.529903771269959023e+00,1.549719637959562135e+00
3.312077267517464563e+00,1.648800358903599328e+00
3.032605450708449890e+00,8.911158830943086695e-01
2.695493116332027483e+00,1.723993230138201493e+00
2.658742545859829498e+00,1.156579022338346530e+00
2.292032544719810438e+00,1.734973126757926920e+00
1.449848582237176498e+00,2.940664182213019728e-01
3.419163665204903779e+00,2.786920982564409233e-01
4.729870820618970129e+00,1.020316000690465685e+00
3.201022063204939982e+00,6.284711159578565409e-01
3.588712960017891529e+00,7.254956934235237132e-01
5.518670006492937041e+00,-2.084093302713849738e-01
4.230564672493393630e+00,6.277795107621412241e-01
4.471824810531663807e+00,5.023257440290870290e-01
4.238799569401608736e+00,7.211418986077816617e-01
5.068769122072549038e+00,8.876063675678550480e-01
6.163978068931769805e+00,1.752094940282673097e+00
5.308504146165026860e+00,1.336835625032326114e+00
5.901649436531048565e+00,1.257559827118639451e+00
3.713641232099496925e+00,-8.479395632675879035e-02
4.864458616710519934e+00,3.093837998354597163e-01
3.216653648603149396e+00,-9.241368649798538115e-01
4.652313951566855899e+00,1.161467269292929760e+00
6.033989237840138742e+00,-3.658882382102568442e-01
6.173702466690521362e+00,7.539349511940559578e-01
4.712117881439572109e+00,9.848858680196954651e-01
4.046270109431018724e+00,-4.635268025057093233e-02
5.736669688574668413e+00,8.249144704183564158e-01
5.527454096973502651e+00,1.624673605101154106e+00
4.068866933830567412e+00,8.963462844939772411e-01
2.353307771420510619e+00,1.924630464498809257e+00
2.678178284738355064e+00,1.380537390955895560e+00
3.021771507177748450e+00,9.552167281101344720e-01
4.146144370855202155e+00,3.732737725084608327e-01
4.838645859769352242e+00,1.219498207559951863e+00
5.223670292749506672e+00,1.652027489031504537e+00
3.683622218558726846e+00,9.095932685605139234e-01
3.258828094241633888e+00,1.388431231318169257e+00
2.023027345664397458e+00,-6.979776707896550025e-01
5.272350177129654369e+00,9.884489445555577625e-01
3.281579930616583596e+00,-1.466142821661451379e-01
3.369152587895957840e+00,-4.161999134699342351e-01
4.948171953803063516e+00,1.234780416936651415e+00
4.629634538947230205e+00,-3.512295091173771588e-01
6.046950280261661703e+00,-6.057320559605094967e-01
5.341583737823764721e+00,9.017491139259540267e-01
4.659982921972209979e+00,-4.454194260944090988e-01
5.668919409376768748e+00,1.453100309577740834e+00
5.331950931499316759e+00,1.272119970880411621e+00
3.456318943927247922e+00,2.587314461926624620e+00
1.374358646023180919e+00,2.278437914691808786e+00
4.223400287969727884e+00,2.607106528039990323e+00
4.670663408669952332e+00,5.983786429201707335e-01
4.070268014371852594e+00,8.059462767826949259e-01
4.470869881252462541e+00,1.274150403864165781e+00
3.979504634627306636e+00,2.015368750943028697e+00
3.813800213210022605e+00,1.400667342994198927e+00
4.653479953114259438e+00,1.598747634562412312e+00
2.765268081087929097e+00,4.519478661830022004e-01
4.209597218840794852e+00,3.374465386794650579e-01
3.003352364508391936e+00,1.466791511380092228e+00
2.662887364230662079e+00,2.435915687170585375e+00
2.851838349837075626e+00,1.444274692974381935e+00
1.324344410180235521e+00,1.755754624782121631e+00
4.828877216631124014e+00,2.058513887518733654e+00
3.032499039050157830e+00,9.822733916289561051e-02
3.989573348133561570e+00,1.343649306490279915e+00
